Unnamed: 0;Modelo;nhid;Pooling;epochs;qtd_layers;MR;CR;SUBJ;MPQA;SST2;TREC;MRPC;Avg_without_SST5
nan;PromptEOL (Lllama2-7B);not defined;llm;not;not;90,63;92,87;96,32;91,19;95,00;95,40;75,19;90,94
nan;PromptEOL + TP (Ours) (Lllama2-7B);not defined;llm;not;not;90,90;93,35;96,58;91,51;95,50;96,00;76,12;91,42
nan;Pretended CoT (Lllama2-7B);not defined;llm;not;not;90,10;92,24;96,32;91,54;95,11;94,20;75,77;90,75
nan;Pretended CoT + TP (Ours) (Lllama2-7B);not defined;llm;not;not;90,45;92,61;96,52;91,59;95,77;96,00;76,81;91,39
nan;Knowledge (Lllama2-7B);not defined;llm;not;not;89,84;93,03;96,21;91,54;94,78;97,20;73,91;90,93
nan;Knowledge + TP (Ours) (Lllama2-7B);not defined;llm;not;not;90,39;93,32;96,31;91,56;94,51;97,60;76,06;91,39
nan;CLTC-RoBERTa=Large;not defined;nan;5;24;88,22;92,54;95,14;90,12;92,57;91,99;77,27;89,69
nan;CLTC-RoBERTa=Large;not defined;nan;1;24;81,83;88,92;93,52;89,88;88,94;92,36;76,47;87,42
nan;HNCSE-PM (bert-large);not defined;cls;1;24;84,91;89,32;95,00;90,02;89,68;86,85;75,49;87,32
nan;HNCSE-HNM (bert-large);not defined;cls;1;24;85,89;90,57;96,06;89,91;89,91;85,91;76,47;87,82
nan;WordFS-P-woP-150D;not defined;mean;1;1;73,09;74,86;89,86;86,24;76,22;65,40;71,01;76,67
nan;WordFS-P-wP-150D;not defined;mean;1;1;74,03;76,00;89,20;86,24;76,50;65,20;70,38;76,69
nan;WordFS-P-woP-100D;not defined;mean;1;1;72,24;73,96;88,62;85,26;73,97;62,00;71,42;75,35
nan;WordFS-P-wP-100D;not defined;mean;1;1;72,68;75,42;88,25;85,50;76,94;64,40;71,59;76,40
nan;WordFS-P-woP-50D;not defined;mean;1;1;68,54;70,54;85,51;81,35;69,85;56,20;71,65;71,95
nan;WordFS-P-wP-50D;not defined;mean;1;1;69,96;71,05;84,25;83,29;72,10;56,60;71,30;72,65
0,00;bert-large-uncased;0,00;_cls-1;1,00;24,00;60,59;63,76;76,81;82,06;71,83;57,80;66,55;68,49
1,00;bert-large-uncased;0,00;_mean-1;1,00;24,00;74,24;74,20;90,56;87,84;81,44;80,20;73,04;80,22
2,00;bert-large-uncased;0,00;_mean_exclude_cls_sep-1;1,00;24,00;73,98;74,91;90,49;88,34;81,38;84,40;72,46;80,85
3,00;bert-large-uncased;0,00;_concat_cls_with_mean-1;1,00;24,00;74,28;76,32;90,41;88,18;80,12;83,40;71,94;80,66
4,00;bert-large-uncased;0,00;_concat_cls_with_mean_exclude_cls_sep-1;1,00;24,00;74,27;78,39;90,46;88,14;80,78;85,80;72,06;81,41
5,00;bert-large-uncased;0,00;_concat_mean_3_tokens-1;1,00;24,00;75,12;79,31;91,35;88,43;77,98;83,80;67,94;80,56
6,00;bert-large-uncased;0,00;_concat_mean_3_tokens_exclude_cls_and_sep-1;1,00;24,00;74,85;79,29;91,33;88,31;77,48;87,40;66,78;80,78
7,00;bert-large-uncased;0,00;_concat_mean_5_tokens-1;1,00;24,00;75,53;80,11;92,03;87,72;77,05;84,40;66,49;80,48
8,00;bert-large-uncased;0,00;_concat_mean_5_tokens_exclude_cls_and_sep-1;1,00;24,00;75,24;78,83;91,85;68,77;50,08;86,40;68,41;74,23
9,00;bert-large-uncased;0,00;_cls-2;1,00;24,00;69,15;63,76;88,27;82,18;76,88;62,40;66,49;72,73
10,00;bert-large-uncased;0,00;_mean-2;1,00;24,00;73,98;74,94;91,04;87,46;81,22;81,80;72,17;80,37
11,00;bert-large-uncased;0,00;_mean_exclude_cls_sep-2;1,00;24,00;74,56;74,73;90,81;88,23;81,33;83,00;72,58;80,75
12,00;bert-large-uncased;0,00;_concat_cls_with_mean-2;1,00;24,00;73,58;77,40;90,92;87,88;81,00;81,80;72,93;80,79
13,00;bert-large-uncased;0,00;_concat_cls_with_mean_exclude_cls_sep-2;1,00;24,00;73,78;77,62;90,79;87,99;81,16;81,80;72,12;80,75
14,00;bert-large-uncased;0,00;_concat_mean_3_tokens-2;1,00;24,00;75,52;79,68;91,83;88,37;78,36;84,60;69,33;81,10
15,00;bert-large-uncased;0,00;_concat_mean_3_tokens_exclude_cls_and_sep-2;1,00;24,00;75,28;78,36;91,92;87,84;78,14;86,40;69,10;81,01
16,00;bert-large-uncased;0,00;_concat_mean_5_tokens-2;1,00;24,00;75,50;78,94;92,04;87,49;78,09;87,40;69,45;81,27
17,00;bert-large-uncased;0,00;_concat_mean_5_tokens_exclude_cls_and_sep-2;1,00;24,00;75,42;78,31;92,18;68,77;50,08;87,00;66,61;74,05
18,00;bert-large-uncased;0,00;_cls-3;1,00;24,00;68,67;63,76;88,75;82,73;77,16;65,00;66,49;73,22
19,00;bert-large-uncased;0,00;_mean-3;1,00;24,00;73,68;75,07;91,48;87,88;81,00;82,80;71,83;80,53
20,00;bert-large-uncased;0,00;_mean_exclude_cls_sep-3;1,00;24,00;74,47;76,16;91,35;88,23;81,38;82,00;71,71;80,76
21,00;bert-large-uncased;0,00;_concat_cls_with_mean-3;1,00;24,00;74,74;76,90;91,15;87,57;81,44;82,40;71,71;80,84
22,00;bert-large-uncased;0,00;_concat_cls_with_mean_exclude_cls_sep-3;1,00;24,00;74,66;77,27;90,75;88,01;81,27;82,00;72,52;80,93
23,00;bert-large-uncased;0,00;_concat_mean_3_tokens-3;1,00;24,00;75,10;78,57;92,26;87,72;78,42;84,60;67,83;80,64
24,00;bert-large-uncased;0,00;_concat_mean_3_tokens_exclude_cls_and_sep-3;1,00;24,00;75,33;77,85;92,06;88,00;78,03;87,20;68,41;80,98
25,00;bert-large-uncased;0,00;_concat_mean_5_tokens-3;1,00;24,00;75,31;78,91;92,61;87,41;78,09;84,40;67,30;80,58
26,00;bert-large-uncased;0,00;_concat_mean_5_tokens_exclude_cls_and_sep-3;1,00;24,00;75,40;79,18;91,93;68,77;50,08;86,60;68,35;74,33
27,00;bert-large-uncased;0,00;_cls-4;1,00;24,00;68,08;63,76;88,95;82,79;76,66;66,00;66,49;73,25
28,00;bert-large-uncased;0,00;_mean-4;1,00;24,00;74,29;75,97;92,10;87,78;81,27;83,60;71,59;80,94
29,00;bert-large-uncased;0,00;_mean_exclude_cls_sep-4;1,00;24,00;74,50;77,03;91,49;88,20;80,89;86,00;72,52;81,52
30,00;bert-large-uncased;0,00;_concat_cls_with_mean-4;1,00;24,00;74,48;76,71;91,46;87,19;81,22;81,40;71,88;80,62
31,00;bert-large-uncased;0,00;_concat_cls_with_mean_exclude_cls_sep-4;1,00;24,00;74,67;76,32;91,46;87,82;81,22;82,20;72,64;80,90
32,00;bert-large-uncased;0,00;_concat_mean_3_tokens-4;1,00;24,00;74,89;78,73;93,05;88,16;78,53;88,20;67,54;81,30
33,00;bert-large-uncased;0,00;_concat_mean_3_tokens_exclude_cls_and_sep-4;1,00;24,00;75,18;79,02;93,06;88,27;77,98;88,80;68,58;81,56
34,00;bert-large-uncased;0,00;_concat_mean_5_tokens-4;1,00;24,00;75,47;79,15;93,13;87,33;77,92;87,40;67,42;81,12
35,00;bert-large-uncased;0,00;_concat_mean_5_tokens_exclude_cls_and_sep-4;1,00;24,00;75,49;78,09;92,88;68,77;50,08;87,20;65,33;73,98
36,00;bert-large-uncased;0,00;_cls-5;1,00;24,00;69,06;66,17;90,79;81,79;78,86;64,20;67,01;73,98
37,00;bert-large-uncased;0,00;_mean-5;1,00;24,00;75,10;74,81;92,37;87,63;80,67;83,00;72,64;80,89
38,00;bert-large-uncased;0,00;_mean_exclude_cls_sep-5;1,00;24,00;75,48;77,16;92,31;88,16;80,83;86,40;72,41;81,82
39,00;bert-large-uncased;0,00;_concat_cls_with_mean-5;1,00;24,00;74,96;76,90;92,73;87,66;81,82;82,00;73,51;81,37
40,00;bert-large-uncased;0,00;_concat_cls_with_mean_exclude_cls_sep-5;1,00;24,00;74,97;76,82;92,37;87,96;81,33;83,20;72,93;81,37
41,00;bert-large-uncased;0,00;_concat_mean_3_tokens-5;1,00;24,00;75,70;78,28;92,81;88,39;80,12;87,20;67,54;81,43
42,00;bert-large-uncased;0,00;_concat_mean_3_tokens_exclude_cls_and_sep-5;1,00;24,00;75,15;77,59;92,93;87,94;78,42;89,40;67,71;81,31
43,00;bert-large-uncased;0,00;_concat_mean_5_tokens-5;1,00;24,00;75,51;78,44;93,54;87,69;77,98;87,00;65,04;80,74
44,00;bert-large-uncased;0,00;_concat_mean_5_tokens_exclude_cls_and_sep-5;1,00;24,00;76,03;78,01;93,61;68,77;50,08;88,20;65,80;74,36
45,00;bert-large-uncased;0,00;_cls-6;1,00;24,00;70,53;68,95;90,71;83,34;77,81;61,60;69,86;74,69
46,00;bert-large-uncased;0,00;_mean-6;1,00;24,00;75,78;75,92;92,62;87,22;81,27;83,60;74,09;81,50
47,00;bert-large-uncased;0,00;_mean_exclude_cls_sep-6;1,00;24,00;75,80;77,03;92,71;87,94;81,49;84,60;74,26;81,98
48,00;bert-large-uncased;0,00;_concat_cls_with_mean-6;1,00;24,00;75,81;77,75;93,01;88,06;81,00;84,40;74,14;82,02
49,00;bert-large-uncased;0,00;_concat_cls_with_mean_exclude_cls_sep-6;1,00;24,00;75,61;77,38;93,25;87,97;80,62;85,60;73,91;82,05
50,00;bert-large-uncased;0,00;_concat_mean_3_tokens-6;1,00;24,00;76,10;78,83;93,36;87,69;79,30;87,60;68,41;81,61
51,00;bert-large-uncased;0,00;_concat_mean_3_tokens_exclude_cls_and_sep-6;1,00;24,00;75,71;78,97;93,82;88,37;77,98;87,40;68,99;81,61
52,00;bert-large-uncased;0,00;_concat_mean_5_tokens-6;1,00;24,00;75,70;78,41;94,10;87,37;77,65;88,00;69,51;81,53
53,00;bert-large-uncased;0,00;_concat_mean_5_tokens_exclude_cls_and_sep-6;1,00;24,00;76,19;78,92;93,77;68,77;50,08;87,40;66,90;74,58
54,00;bert-large-uncased;0,00;_cls-7;1,00;24,00;72,26;72,50;91,64;84,88;78,42;70,00;68,23;76,85
55,00;bert-large-uncased;0,00;_mean-7;1,00;24,00;75,39;76,72;93,11;87,55;81,33;85,60;73,80;81,93
56,00;bert-large-uncased;0,00;_mean_exclude_cls_sep-7;1,00;24,00;75,57;77,77;93,24;88,41;80,89;85,60;73,22;82,10
57,00;bert-large-uncased;0,00;_concat_cls_with_mean-7;1,00;24,00;75,76;77,25;93,58;88,07;82,21;83,60;73,62;82,01
58,00;bert-large-uncased;0,00;_concat_cls_with_mean_exclude_cls_sep-7;1,00;24,00;75,81;78,17;93,65;88,53;81,93;87,60;73,91;82,80
59,00;bert-large-uncased;0,00;_concat_mean_3_tokens-7;1,00;24,00;76,04;79,36;94,04;88,63;78,86;88,60;68,93;82,07
60,00;bert-large-uncased;0,00;_concat_mean_3_tokens_exclude_cls_and_sep-7;1,00;24,00;76,27;79,15;93,73;88,21;78,36;88,40;68,99;81,87
61,00;bert-large-uncased;0,00;_concat_mean_5_tokens-7;1,00;24,00;76,46;79,07;93,93;87,78;78,58;89,20;66,84;81,69
62,00;bert-large-uncased;0,00;_concat_mean_5_tokens_exclude_cls_and_sep-7;1,00;24,00;76,40;78,25;93,98;68,77;50,08;89,60;67,01;74,87
63,00;bert-large-uncased;0,00;_cls-8;1,00;24,00;72,08;72,50;91,40;84,27;77,87;68,60;67,65;76,34
64,00;bert-large-uncased;0,00;_mean-8;1,00;24,00;76,06;76,56;92,98;86,77;82,10;84,60;73,33;81,77
65,00;bert-large-uncased;0,00;_mean_exclude_cls_sep-8;1,00;24,00;75,92;77,62;93,01;88,19;82,54;86,00;72,46;82,25
66,00;bert-large-uncased;0,00;_concat_cls_with_mean-8;1,00;24,00;75,51;77,75;93,42;87,71;81,49;85,00;73,45;82,05
67,00;bert-large-uncased;0,00;_concat_cls_with_mean_exclude_cls_sep-8;1,00;24,00;75,78;77,80;93,75;88,20;81,99;87,00;73,45;82,57
68,00;bert-large-uncased;0,00;_concat_mean_3_tokens-8;1,00;24,00;76,17;78,20;94,24;88,38;79,13;87,60;68,87;81,80
69,00;bert-large-uncased;0,00;_concat_mean_3_tokens_exclude_cls_and_sep-8;1,00;24,00;76,03;78,54;93,72;88,00;79,02;88,00;68,75;81,72
70,00;bert-large-uncased;0,00;_concat_mean_5_tokens-8;1,00;24,00;76,52;78,07;94,08;87,76;79,30;90,60;68,58;82,13
71,00;bert-large-uncased;0,00;_concat_mean_5_tokens_exclude_cls_and_sep-8;1,00;24,00;76,52;78,23;93,90;68,77;50,08;88,40;64,81;74,39
72,00;bert-large-uncased;0,00;_cls-9;1,00;24,00;71,94;73,51;92,23;84,41;76,22;75,40;67,13;77,26
73,00;bert-large-uncased;0,00;_mean-9;1,00;24,00;75,81;76,50;93,49;87,31;81,60;84,00;73,22;81,70
74,00;bert-large-uncased;0,00;_mean_exclude_cls_sep-9;1,00;24,00;75,71;77,88;93,32;88,28;81,71;83,80;73,28;82,00
75,00;bert-large-uncased;0,00;_concat_cls_with_mean-9;1,00;24,00;75,66;75,34;93,82;87,76;82,21;88,00;72,93;82,25
76,00;bert-large-uncased;0,00;_concat_cls_with_mean_exclude_cls_sep-9;1,00;24,00;75,82;76,61;93,90;88,09;82,10;87,80;72,93;82,46
77,00;bert-large-uncased;0,00;_concat_mean_3_tokens-9;1,00;24,00;76,70;78,67;94,26;88,10;79,08;89,20;68,81;82,12
78,00;bert-large-uncased;0,00;_concat_mean_3_tokens_exclude_cls_and_sep-9;1,00;24,00;76,56;79,44;94,17;87,88;79,85;88,80;68,99;82,24
79,00;bert-large-uncased;0,00;_concat_mean_5_tokens-9;1,00;24,00;77,29;79,07;94,27;87,61;79,46;91,20;67,94;82,41
80,00;bert-large-uncased;0,00;_concat_mean_5_tokens_exclude_cls_and_sep-9;1,00;24,00;77,03;78,76;94,19;68,77;50,08;89,40;66,20;74,92
81,00;bert-large-uncased;0,00;_cls-10;1,00;24,00;72,46;72,24;92,68;84,03;77,48;70,80;69,16;76,98
82,00;bert-large-uncased;0,00;_mean-10;1,00;24,00;76,54;76,95;92,93;87,05;82,54;85,80;73,39;82,17
83,00;bert-large-uncased;0,00;_mean_exclude_cls_sep-10;1,00;24,00;76,05;77,33;93,17;88,12;81,33;84,60;73,86;82,07
84,00;bert-large-uncased;0,00;_concat_cls_with_mean-10;1,00;24,00;76,30;77,77;93,67;87,36;81,77;86,80;73,22;82,41
85,00;bert-large-uncased;0,00;_concat_cls_with_mean_exclude_cls_sep-10;1,00;24,00;76,55;77,01;93,93;88,54;81,88;86,40;73,51;82,55
86,00;bert-large-uncased;0,00;_concat_mean_3_tokens-10;1,00;24,00;76,61;78,44;94,02;87,69;78,20;89,80;68,23;81,86
87,00;bert-large-uncased;0,00;_concat_mean_3_tokens_exclude_cls_and_sep-10;1,00;24,00;76,69;78,04;94,07;87,98;77,98;89,00;67,88;81,66
88,00;bert-large-uncased;0,00;_concat_mean_5_tokens-10;1,00;24,00;76,99;78,73;93,81;87,37;77,98;88,80;66,67;81,48
89,00;bert-large-uncased;0,00;_concat_mean_5_tokens_exclude_cls_and_sep-10;1,00;24,00;76,72;78,15;93,85;68,77;50,08;91,80;67,48;75,26
90,00;bert-large-uncased;0,00;_cls-11;1,00;24,00;72,12;73,62;92,32;83,77;76,99;68,60;66,55;76,28
91,00;bert-large-uncased;0,00;_mean-11;1,00;24,00;76,06;77,78;93,18;87,44;81,99;86,20;73,57;82,32
92,00;bert-large-uncased;0,00;_mean_exclude_cls_sep-11;1,00;24,00;76,19;78,09;93,18;88,23;81,71;88,00;71,65;82,44
93,00;bert-large-uncased;0,00;_concat_cls_with_mean-11;1,00;24,00;76,24;75,84;93,80;87,52;81,71;80,80;72,64;81,22
94,00;bert-large-uncased;0,00;_concat_cls_with_mean_exclude_cls_sep-11;1,00;24,00;76,15;77,96;93,60;88,25;82,04;82,60;72,75;81,91
95,00;bert-large-uncased;0,00;_concat_mean_3_tokens-11;1,00;24,00;76,76;78,70;93,90;87,48;79,41;90,20;68,23;82,10
96,00;bert-large-uncased;0,00;_concat_mean_3_tokens_exclude_cls_and_sep-11;1,00;24,00;77,39;78,76;94,12;88,25;77,87;90,80;68,06;82,18
97,00;bert-large-uncased;0,00;_concat_mean_5_tokens-11;1,00;24,00;77,47;78,44;94,11;87,60;77,92;91,00;69,57;82,30
98,00;bert-large-uncased;0,00;_concat_mean_5_tokens_exclude_cls_and_sep-11;1,00;24,00;77,00;79,10;93,69;68,77;50,08;89,40;66,78;74,97
99,00;bert-large-uncased;0,00;_cls-12;1,00;24,00;71,99;72,85;92,86;84,22;78,58;78,20;66,49;77,88
100,00;bert-large-uncased;0,00;_mean-12;1,00;24,00;76,82;75,95;93,19;87,22;82,54;88,40;73,39;82,50
101,00;bert-large-uncased;0,00;_mean_exclude_cls_sep-12;1,00;24,00;76,85;78,09;93,42;88,14;81,93;86,80;72,06;82,47
102,00;bert-large-uncased;0,00;_concat_cls_with_mean-12;1,00;24,00;76,69;74,83;94,23;86,88;82,81;89,80;72,70;82,56
103,00;bert-large-uncased;0,00;_concat_cls_with_mean_exclude_cls_sep-12;1,00;24,00;75,91;75,57;93,98;87,71;82,15;90,00;72,58;82,56
104,00;bert-large-uncased;0,00;_concat_mean_3_tokens-12;1,00;24,00;76,93;78,84;94,01;87,78;79,08;90,20;68,06;82,13
105,00;bert-large-uncased;0,00;_concat_mean_3_tokens_exclude_cls_and_sep-12;1,00;24,00;76,81;79,21;94,14;87,83;78,91;91,00;67,54;82,21
106,00;bert-large-uncased;0,00;_concat_mean_5_tokens-12;1,00;24,00;77,34;79,52;94,09;87,22;78,69;90,20;67,19;82,04
107,00;bert-large-uncased;0,00;_concat_mean_5_tokens_exclude_cls_and_sep-12;1,00;24,00;76,56;78,54;93,70;68,77;50,08;90,20;62,38;74,32
108,00;bert-large-uncased;0,00;_cls-13;1,00;24,00;73,24;73,04;92,53;84,92;79,24;75,40;66,49;77,84
109,00;bert-large-uncased;0,00;_mean-13;1,00;24,00;77,30;77,43;93,48;87,26;82,59;86,80;73,22;82,58
110,00;bert-large-uncased;0,00;_mean_exclude_cls_sep-13;1,00;24,00;77,51;77,75;93,43;87,66;82,92;91,60;73,28;83,45
111,00;bert-large-uncased;0,00;_concat_cls_with_mean-13;1,00;24,00;76,49;78,68;94,38;87,66;81,88;89,80;73,22;83,16
112,00;bert-large-uncased;0,00;_concat_cls_with_mean_exclude_cls_sep-13;1,00;24,00;76,41;79,28;94,34;88,37;81,82;90,80;73,28;83,47
113,00;bert-large-uncased;0,00;_concat_mean_3_tokens-13;1,00;24,00;77,23;79,92;94,25;87,77;80,72;92,20;68,46;82,94
114,00;bert-large-uncased;0,00;_concat_mean_3_tokens_exclude_cls_and_sep-13;1,00;24,00;77,21;79,66;94,25;87,98;80,18;91,60;68,46;82,76
115,00;bert-large-uncased;0,00;_concat_mean_5_tokens-13;1,00;24,00;77,78;80,24;94,35;87,03;79,90;92,80;67,94;82,86
116,00;bert-large-uncased;0,00;_concat_mean_5_tokens_exclude_cls_and_sep-13;1,00;24,00;76,82;79,44;94,10;68,77;50,08;92,80;63,71;75,10
117,00;bert-large-uncased;0,00;_cls-14;1,00;24,00;76,38;75,47;94,37;86,00;81,71;78,80;69,22;80,28
118,00;bert-large-uncased;0,00;_mean-14;1,00;24,00;78,70;80,08;93,87;87,18;83,36;91,80;70,09;83,58
119,00;bert-large-uncased;0,00;_mean_exclude_cls_sep-14;1,00;24,00;78,54;80,26;93,79;87,86;83,31;92,40;70,32;83,78
120,00;bert-large-uncased;0,00;_concat_cls_with_mean-14;1,00;24,00;78,97;79,95;94,99;87,31;84,62;92,80;73,68;84,62
121,00;bert-large-uncased;0,00;_concat_cls_with_mean_exclude_cls_sep-14;1,00;24,00;78,74;80,53;94,90;88,06;84,07;93,00;73,74;84,72
122,00;bert-large-uncased;0,00;_concat_mean_3_tokens-14;1,00;24,00;78,79;81,30;94,41;87,89;80,07;93,40;69,04;83,56
123,00;bert-large-uncased;0,00;_concat_mean_3_tokens_exclude_cls_and_sep-14;1,00;24,00;78,83;80,71;94,41;87,70;80,78;93,60;68,75;83,54
124,00;bert-large-uncased;0,00;_concat_mean_5_tokens-14;1,00;24,00;78,97;81,17;94,97;87,20;79,96;95,40;66,90;83,51
125,00;bert-large-uncased;0,00;_concat_mean_5_tokens_exclude_cls_and_sep-14;1,00;24,00;78,83;81,43;94,80;68,77;50,08;93,80;64,99;76,10
126,00;bert-large-uncased;0,00;_cls-15;1,00;24,00;77,73;79,52;94,09;85,53;83,09;88,20;72,00;82,88
127,00;bert-large-uncased;0,00;_mean-15;1,00;24,00;79,20;79,79;94,44;87,25;84,51;92,20;75,19;84,65
128,00;bert-large-uncased;0,00;_mean_exclude_cls_sep-15;1,00;24,00;79,32;80,19;94,40;87,99;84,29;93,20;74,32;84,82
129,00;bert-large-uncased;0,00;_concat_cls_with_mean-15;1,00;24,00;79,90;81,88;94,99;87,42;84,84;92,80;75,42;85,32
130,00;bert-large-uncased;0,00;_concat_cls_with_mean_exclude_cls_sep-15;1,00;24,00;79,84;82,70;95,20;88,28;85,06;93,00;73,91;85,43
131,00;bert-large-uncased;0,00;_concat_mean_3_tokens-15;1,00;24,00;79,57;83,08;95,06;87,36;82,10;94,80;68,41;84,34
132,00;bert-large-uncased;0,00;_concat_mean_3_tokens_exclude_cls_and_sep-15;1,00;24,00;79,29;82,52;94,95;87,70;82,43;93,40;70,14;84,35
133,00;bert-large-uncased;0,00;_concat_mean_5_tokens-15;1,00;24,00;78,98;82,02;94,79;87,53;81,88;95,00;65,57;83,68
134,00;bert-large-uncased;0,00;_concat_mean_5_tokens_exclude_cls_and_sep-15;1,00;24,00;79,39;83,34;94,70;68,77;50,08;94,60;64,99;76,55
135,00;bert-large-uncased;0,00;_cls-16;1,00;24,00;79,99;81,14;94,33;85,48;85,17;89,00;71,59;83,81
136,00;bert-large-uncased;0,00;_mean-16;1,00;24,00;80,88;84,64;94,73;87,42;86,44;91,00;73,91;85,57
137,00;bert-large-uncased;0,00;_mean_exclude_cls_sep-16;1,00;24,00;81,01;84,34;94,73;88,37;86,44;92,00;73,16;85,72
138,00;bert-large-uncased;0,00;_concat_cls_with_mean-16;1,00;24,00;82,47;84,85;95,18;87,61;87,53;93,40;74,49;86,50
139,00;bert-large-uncased;0,00;_concat_cls_with_mean_exclude_cls_sep-16;1,00;24,00;82,25;84,56;95,30;88,23;87,37;94,00;74,32;86,58
140,00;bert-large-uncased;0,00;_concat_mean_3_tokens-16;1,00;24,00;80,12;85,48;95,16;88,20;84,35;94,00;68,06;85,05
141,00;bert-large-uncased;0,00;_concat_mean_3_tokens_exclude_cls_and_sep-16;1,00;24,00;80,15;84,64;95,14;88,13;83,75;93,80;68,00;84,80
142,00;bert-large-uncased;0,00;_concat_mean_5_tokens-16;1,00;24,00;81,15;84,11;95,17;87,42;84,02;93,80;68,41;84,87
143,00;bert-large-uncased;0,00;_concat_mean_5_tokens_exclude_cls_and_sep-16;1,00;24,00;80,75;85,53;95,04;68,77;50,08;94,40;67,88;77,49
144,00;bert-large-uncased;0,00;_cls-17;1,00;24,00;83,49;86,25;94,46;86,13;87,48;89,00;71,77;85,51
145,00;bert-large-uncased;0,00;_mean-17;1,00;24,00;83,13;87,02;94,84;87,19;88,03;91,40;74,09;86,53
146,00;bert-large-uncased;0,00;_mean_exclude_cls_sep-17;1,00;24,00;82,34;86,83;94,82;87,88;87,75;92,60;74,03;86,61
147,00;bert-large-uncased;0,00;_concat_cls_with_mean-17;1,00;24,00;83,94;87,95;95,00;87,24;89,73;92,80;71,59;86,89
148,00;bert-large-uncased;0,00;_concat_cls_with_mean_exclude_cls_sep-17;1,00;24,00;84,05;88,24;95,41;88,22;89,62;93,40;74,96;87,70
149,00;bert-large-uncased;0,00;_concat_mean_3_tokens-17;1,00;24,00;83,49;87,92;95,38;88,32;85,94;95,20;68,64;86,41
150,00;bert-large-uncased;0,00;_concat_mean_3_tokens_exclude_cls_and_sep-17;1,00;24,00;83,27;87,26;95,25;88,27;85,94;92,00;67,25;85,61
151,00;bert-large-uncased;0,00;_concat_mean_5_tokens-17;1,00;24,00;83,45;87,84;95,55;87,58;85,83;94,20;69,10;86,22
152,00;bert-large-uncased;0,00;_concat_mean_5_tokens_exclude_cls_and_sep-17;1,00;24,00;83,14;87,20;95,41;68,77;50,08;95,00;65,22;77,83
153,00;bert-large-uncased;0,00;_cls-18;1,00;24,00;84,24;85,62;94,87;86,56;88,58;90,60;72,06;86,08
154,00;bert-large-uncased;0,00;_mean-18;1,00;24,00;83,42;87,74;95,28;87,03;89,07;90,20;74,78;86,79
155,00;bert-large-uncased;0,00;_mean_exclude_cls_sep-18;1,00;24,00;83,34;86,89;95,24;87,71;89,13;92,20;75,48;87,14
156,00;bert-large-uncased;0,00;_concat_cls_with_mean-18;1,00;24,00;84,86;88,11;95,44;87,94;90,61;94,20;75,13;88,04
157,00;bert-large-uncased;0,00;_concat_cls_with_mean_exclude_cls_sep-18;1,00;24,00;84,89;87,97;95,48;88,38;90,28;93,60;75,36;87,99
158,00;bert-large-uncased;0,00;_concat_mean_3_tokens-18;1,00;24,00;84,18;88,32;95,82;88,25;87,81;94,00;67,25;86,52
159,00;bert-large-uncased;0,00;_concat_mean_3_tokens_exclude_cls_and_sep-18;1,00;24,00;83,87;87,92;95,72;88,47;87,37;93,80;67,01;86,31
160,00;bert-large-uncased;0,00;_concat_mean_5_tokens-18;1,00;24,00;83,81;87,66;95,68;87,45;87,15;94,80;68,17;86,39
161,00;bert-large-uncased;0,00;_concat_mean_5_tokens_exclude_cls_and_sep-18;1,00;24,00;83,73;88,00;95,45;68,77;50,08;94,40;64,81;77,89
162,00;bert-large-uncased;0,00;_cls-19;1,00;24,00;84,37;87,15;94,57;85,54;88,19;88,60;70,32;85,53
163,00;bert-large-uncased;0,00;_mean-19;1,00;24,00;83,43;87,50;95,32;87,36;89,79;91,00;75,19;87,08
164,00;bert-large-uncased;0,00;_mean_exclude_cls_sep-19;1,00;24,00;83,46;88,42;94,89;87,85;89,46;89,60;75,54;87,03
165,00;bert-large-uncased;0,00;_concat_cls_with_mean-19;1,00;24,00;85,29;87,23;95,25;87,36;90,94;91,60;75,36;87,58
166,00;bert-large-uncased;0,00;_concat_cls_with_mean_exclude_cls_sep-19;1,00;24,00;85,42;86,20;95,35;88,30;90,94;93,40;75,25;87,84
167,00;bert-large-uncased;0,00;_concat_mean_3_tokens-19;1,00;24,00;84,16;88,69;95,57;87,91;88,25;94,20;69,74;86,93
168,00;bert-large-uncased;0,00;_concat_mean_3_tokens_exclude_cls_and_sep-19;1,00;24,00;83,99;89,19;95,57;88,07;87,48;94,60;68,93;86,83
169,00;bert-large-uncased;0,00;_concat_mean_5_tokens-19;1,00;24,00;84,13;88,48;95,69;87,57;88,08;93,80;69,68;86,78
170,00;bert-large-uncased;0,00;_concat_mean_5_tokens_exclude_cls_and_sep-19;1,00;24,00;83,82;88,77;95,31;68,77;50,08;94,60;65,86;78,17
171,00;bert-large-uncased;0,00;_cls-20;1,00;24,00;85,16;88,13;95,25;86,60;90,17;91,00;73,91;87,17
172,00;bert-large-uncased;0,00;_mean-20;1,00;24,00;84,15;88,79;95,43;86,90;90,28;90,80;74,61;87,28
173,00;bert-large-uncased;0,00;_mean_exclude_cls_sep-20;1,00;24,00;83,96;88,19;95,17;88,12;89,51;92,00;74,55;87,36
174,00;bert-large-uncased;0,00;_concat_cls_with_mean-20;1,00;24,00;85,64;88,61;96,02;87,09;91,38;93,00;75,13;88,12
175,00;bert-large-uncased;0,00;_concat_cls_with_mean_exclude_cls_sep-20;1,00;24,00;85,99;88,79;95,99;88,28;91,16;93,80;75,01;88,43
176,00;bert-large-uncased;0,00;_concat_mean_3_tokens-20;1,00;24,00;84,42;89,40;95,17;88,03;88,14;93,20;71,07;87,06
177,00;bert-large-uncased;0,00;_concat_mean_3_tokens_exclude_cls_and_sep-20;1,00;24,00;84,38;89,03;95,31;87,89;88,14;94,40;70,55;87,10
178,00;bert-large-uncased;0,00;_concat_mean_5_tokens-20;1,00;24,00;84,34;89,19;95,74;87,55;88,69;93,80;68,12;86,78
179,00;bert-large-uncased;0,00;_concat_mean_5_tokens_exclude_cls_and_sep-20;1,00;24,00;84,19;88,98;95,67;68,77;50,08;94,60;69,28;78,80
180,00;bert-large-uncased;0,00;_cls-21;1,00;24,00;85,54;88,11;95,81;85,96;90,50;88,20;73,22;86,76
181,00;bert-large-uncased;0,00;_mean-21;1,00;24,00;83,45;87,52;94,61;86,24;90,01;89,00;73,04;86,27
182,00;bert-large-uncased;0,00;_mean_exclude_cls_sep-21;1,00;24,00;83,17;87,66;94,63;87,10;89,40;87,20;74,32;86,21
183,00;bert-large-uncased;0,00;_concat_cls_with_mean-21;1,00;24,00;85,90;88,77;96,00;86,64;91,21;91,40;73,97;87,70
184,00;bert-large-uncased;0,00;_concat_cls_with_mean_exclude_cls_sep-21;1,00;24,00;85,94;88,74;96,19;87,35;91,43;92,00;74,09;87,96
185,00;bert-large-uncased;0,00;_concat_mean_3_tokens-21;1,00;24,00;84,74;89,59;95,19;87,38;88,36;93,40;70,72;87,05
186,00;bert-large-uncased;0,00;_concat_mean_3_tokens_exclude_cls_and_sep-21;1,00;24,00;84,06;89,03;95,09;87,56;87,53;93,00;70,03;86,61
187,00;bert-large-uncased;0,00;_concat_mean_5_tokens-21;1,00;24,00;84,50;89,30;95,53;86,53;87,81;93,60;69,28;86,65
188,00;bert-large-uncased;0,00;_concat_mean_5_tokens_exclude_cls_and_sep-21;1,00;24,00;84,04;88,40;95,34;68,77;50,08;94,60;68,58;78,54
189,00;bert-large-uncased;0,00;_cls-22;1,00;24,00;85,68;87,92;95,98;85,65;91,10;88,20;73,10;86,80
190,00;bert-large-uncased;0,00;_mean-22;1,00;24,00;83,20;87,89;95,01;86,19;90,01;86,80;72,81;85,99
191,00;bert-large-uncased;0,00;_mean_exclude_cls_sep-22;1,00;24,00;83,02;86,97;94,99;86,92;88,47;86,40;72,41;85,60
192,00;bert-large-uncased;0,00;_concat_cls_with_mean-22;1,00;24,00;85,97;89,19;96,09;86,58;91,21;90,60;72,64;87,47
193,00;bert-large-uncased;0,00;_concat_cls_with_mean_exclude_cls_sep-22;1,00;24,00;86,14;89,69;95,81;87,35;91,76;90,60;74,09;87,92
194,00;bert-large-uncased;0,00;_concat_mean_3_tokens-22;1,00;24,00;84,59;89,30;95,21;87,29;88,03;93,80;70,26;86,93
195,00;bert-large-uncased;0,00;_concat_mean_3_tokens_exclude_cls_and_sep-22;1,00;24,00;84,05;88,64;95,29;87,18;87,42;93,00;68,99;86,37
196,00;bert-large-uncased;0,00;_concat_mean_5_tokens-22;1,00;24,00;84,82;89,40;95,48;87,36;88,30;92,80;67,48;86,52
197,00;bert-large-uncased;0,00;_concat_mean_5_tokens_exclude_cls_and_sep-22;1,00;24,00;83,87;88,37;95,72;68,77;50,08;93,60;67,25;78,24
198,00;bert-large-uncased;0,00;_cls-23;1,00;24,00;85,54;88,90;95,79;85,60;90,77;90,40;69,45;86,64
199,00;bert-large-uncased;0,00;_mean-23;1,00;24,00;82,77;87,55;94,79;86,09;89,51;85,80;71,77;85,47
200,00;bert-large-uncased;0,00;_mean_exclude_cls_sep-23;1,00;24,00;82,53;86,57;94,86;86,72;88,36;87,60;71,54;85,45
201,00;bert-large-uncased;0,00;_concat_cls_with_mean-23;1,00;24,00;86,11;89,75;95,90;86,26;91,32;91,80;71,71;87,55
202,00;bert-large-uncased;0,00;_concat_cls_with_mean_exclude_cls_sep-23;1,00;24,00;86,19;89,78;95,78;87,06;91,65;91,80;71,94;87,74
203,00;bert-large-uncased;0,00;_concat_mean_3_tokens-23;1,00;24,00;84,17;89,19;95,54;87,11;87,86;92,40;69,97;86,61
204,00;bert-large-uncased;0,00;_concat_mean_3_tokens_exclude_cls_and_sep-23;1,00;24,00;83,33;87,23;95,18;87,29;87,31;92,60;67,71;85,81
205,00;bert-large-uncased;0,00;_concat_mean_5_tokens-23;1,00;24,00;84,50;89,38;95,67;87,35;88,25;93,40;67,48;86,58
206,00;bert-large-uncased;0,00;_concat_mean_5_tokens_exclude_cls_and_sep-23;1,00;24,00;83,38;88,08;95,57;68,77;50,08;94,40;66,43;78,10
207,00;bert-large-uncased;0,00;_cls-24;1,00;24,00;85,27;86,49;94,96;84,64;90,72;85,40;69,91;85,34
208,00;bert-large-uncased;0,00;_mean-24;1,00;24,00;82,42;85,88;94,53;84,81;89,02;81,00;72,75;84,34
209,00;bert-large-uncased;0,00;_mean_exclude_cls_sep-24;1,00;24,00;82,10;84,95;94,38;85,59;88,91;81,20;72,29;84,20
210,00;bert-large-uncased;0,00;_concat_cls_with_mean-24;1,00;24,00;85,81;88,87;95,62;85,69;91,16;90,20;73,39;87,25
211,00;bert-large-uncased;0,00;_concat_cls_with_mean_exclude_cls_sep-24;1,00;24,00;85,60;88,87;95,39;86,49;90,99;90,00;68,93;86,61
212,00;bert-large-uncased;0,00;_concat_mean_3_tokens-24;1,00;24,00;83,43;88,40;94,43;86,58;88,63;88,80;69,33;85,66
213,00;bert-large-uncased;0,00;_concat_mean_3_tokens_exclude_cls_and_sep-24;1,00;24,00;82,55;86,73;94,57;86,54;87,10;85,00;68,00;84,36
214,00;bert-large-uncased;0,00;_concat_mean_5_tokens-24;1,00;24,00;83,45;87,68;94,98;86,88;88,14;91,20;67,88;85,74
215,00;bert-large-uncased;0,00;_concat_mean_5_tokens_exclude_cls_and_sep-24;1,00;24,00;82,75;86,62;95,14;68,77;50,08;92,80;67,54;77,67
216,00;bert-large-uncased;0,00;cls_last4;1,00;24,00;84,83;88,40;95,88;85,61;91,05;91,00;67,42;86,31
217,00;bert-large-uncased;0,00;mean_last4;1,00;24,00;83,77;88,61;95,26;86,47;89,73;88,60;71,30;86,25
218,00;bert-large-uncased;0,00;mean_exclude_cls_sep_last4;1,00;24,00;83,91;87,52;95,22;86,64;89,29;91,80;71,25;86,52
219,00;bert-large-uncased;0,00;concat_cls_with_mean_last4;1,00;24,00;85,50;89,56;95,90;86,94;91,54;92,80;68,64;87,27
220,00;bert-large-uncased;0,00;concat_cls_with_mean_exclude_cls_sep_last4;1,00;24,00;85,71;89,54;96,08;87,39;91,65;91,80;68,35;87,22
221,00;bert-large-uncased;0,00;concat_mean_3_tokens_last4;1,00;24,00;84,34;88,88;95,30;87,25;87,86;93,40;67,88;86,42
222,00;bert-large-uncased;0,00;concat_mean_3_tokens_exclude_cls_and_sep_last4;1,00;24,00;83,61;88,45;95,14;86,78;87,48;94,80;67,83;86,30
223,00;bert-large-uncased;0,00;concat_mean_5_tokens_last4;1,00;24,00;84,36;88,69;95,48;86,33;88,47;92,60;66,55;86,07
224,00;bert-large-uncased;0,00;concat_mean_5_tokens_exclude_cls_and_sep_last4;1,00;24,00;83,43;87,79;95,57;68,77;50,08;93,60;68,29;78,22
225,00;bert-large-uncased;0,00;cls_sumall;1,00;24,00;82,54;86,17;95,19;86,26;90,12;85,00;65,57;84,41
226,00;bert-large-uncased;0,00;mean_sumall;1,00;24,00;82,83;85,75;94,81;87,62;88,25;92,60;68,99;85,84
227,00;bert-large-uncased;0,00;mean_exclude_cls_sep_sumall;1,00;24,00;82,36;85,72;94,47;86,86;86,77;90,20;70,32;85,24
228,00;bert-large-uncased;0,00;concat_cls_with_mean_sumall;1,00;24,00;84,41;88,34;95,33;87,06;90,66;92,40;69,22;86,77
229,00;bert-large-uncased;0,00;concat_cls_with_mean_exclude_cls_sep_sumall;1,00;24,00;83,83;87,87;95,34;86,85;90,77;91,80;69,16;86,52
230,00;bert-large-uncased;0,00;concat_mean_3_tokens_sumall;1,00;24,00;81,57;85,22;94,89;87,46;85,56;92,60;68,23;85,08
231,00;bert-large-uncased;0,00;concat_mean_3_tokens_exclude_cls_and_sep_sumall;1,00;24,00;81,40;84,40;94,66;86,93;84,90;91,60;68,93;84,69
232,00;bert-large-uncased;0,00;concat_mean_5_tokens_sumall;1,00;24,00;80,19;85,54;94,79;85,99;84,62;92,40;67,54;84,44
233,00;bert-large-uncased;0,00;concat_mean_5_tokens_exclude_cls_and_sep_sumall;1,00;24,00;79,18;83,02;94,67;68,77;50,08;90,60;65,33;75,95
234,00;roberta-large;0,00;_cls-1;1,00;24,00;59,90;63,76;69,93;68,77;69,74;43,00;66,49;63,08
235,00;roberta-large;0,00;_mean-1;1,00;24,00;74,64;77,41;90,29;85,63;81,44;79,40;66,49;79,33
236,00;roberta-large;0,00;_mean_exclude_cls_sep-1;1,00;24,00;74,38;77,38;90,45;85,91;81,05;81,80;66,49;79,64
237,00;roberta-large;0,00;_concat_cls_with_mean-1;1,00;24,00;74,74;73,59;90,00;85,66;80,62;78,40;71,13;79,16
238,00;roberta-large;0,00;_concat_cls_with_mean_exclude_cls_sep-1;1,00;24,00;74,33;75,02;90,09;86,57;80,40;82,60;70,32;79,90
239,00;roberta-large;0,00;_concat_mean_3_tokens-1;1,00;24,00;75,57;78,17;91,39;87,07;81,22;84,80;66,96;80,74
240,00;roberta-large;0,00;_concat_mean_3_tokens_exclude_cls_and_sep-1;1,00;24,00;75,95;78,09;91,45;86,47;80,01;83,40;64,93;80,04
241,00;roberta-large;0,00;_concat_mean_5_tokens-1;1,00;24,00;75,20;78,91;91,35;86,34;78,58;84,00;69,16;80,51
242,00;roberta-large;0,00;_concat_mean_5_tokens_exclude_cls_and_sep-1;1,00;24,00;75,60;77,22;91,58;68,77;78,80;85,60;65,51;77,58
243,00;roberta-large;0,00;_cls-2;1,00;24,00;67,92;63,76;84,69;68,77;74,68;50,80;66,49;68,16
244,00;roberta-large;0,00;_mean-2;1,00;24,00;74,12;76,85;90,38;85,88;81,71;82,00;71,54;80,35
245,00;roberta-large;0,00;_mean_exclude_cls_sep-2;1,00;24,00;74,38;77,70;90,39;86,09;81,82;84,20;70,72;80,76
246,00;roberta-large;0,00;_concat_cls_with_mean-2;1,00;24,00;74,16;72,98;90,09;85,81;81,11;79,40;70,49;79,15
247,00;roberta-large;0,00;_concat_cls_with_mean_exclude_cls_sep-2;1,00;24,00;74,13;73,54;90,32;86,33;80,89;81,00;70,96;79,60
248,00;roberta-large;0,00;_concat_mean_3_tokens-2;1,00;24,00;75,87;76,69;91,01;87,22;81,11;85,00;67,13;80,58
249,00;roberta-large;0,00;_concat_mean_3_tokens_exclude_cls_and_sep-2;1,00;24,00;75,72;77,11;90,90;86,34;80,51;84,40;66,49;80,21
250,00;roberta-large;0,00;_concat_mean_5_tokens-2;1,00;24,00;74,30;78,59;91,50;86,40;80,07;84,40;67,71;80,42
251,00;roberta-large;0,00;_concat_mean_5_tokens_exclude_cls_and_sep-2;1,00;24,00;75,46;77,51;91,80;68,77;78,80;85,40;65,33;77,58
252,00;roberta-large;0,00;_cls-3;1,00;24,00;67,01;63,76;82,96;68,77;73,48;40,60;66,49;66,15
253,00;roberta-large;0,00;_mean-3;1,00;24,00;73,89;76,37;90,67;86,26;82,48;83,00;66,49;79,88
254,00;roberta-large;0,00;_mean_exclude_cls_sep-3;1,00;24,00;75,33;77,09;90,47;86,37;81,27;85,80;71,59;81,13
255,00;roberta-large;0,00;_concat_cls_with_mean-3;1,00;24,00;74,46;75,26;90,48;86,06;81,88;77,60;72,06;79,69
256,00;roberta-large;0,00;_concat_cls_with_mean_exclude_cls_sep-3;1,00;24,00;74,65;75,36;90,71;86,63;82,70;85,80;70,90;80,96
257,00;roberta-large;0,00;_concat_mean_3_tokens-3;1,00;24,00;76,22;76,98;91,54;87,45;81,22;86,00;66,43;80,83
258,00;roberta-large;0,00;_concat_mean_3_tokens_exclude_cls_and_sep-3;1,00;24,00;75,69;78,07;91,72;86,57;80,83;83,60;66,43;80,42
259,00;roberta-large;0,00;_concat_mean_5_tokens-3;1,00;24,00;75,77;76,40;92,19;86,63;80,51;86,20;67,30;80,71
260,00;roberta-large;0,00;_concat_mean_5_tokens_exclude_cls_and_sep-3;1,00;24,00;76,26;77,62;92,06;68,77;80,07;86,60;68,99;78,62
261,00;roberta-large;0,00;_cls-4;1,00;24,00;64,82;63,76;81,75;68,77;72,54;39,60;66,49;65,39
262,00;roberta-large;0,00;_mean-4;1,00;24,00;76,40;77,78;90,94;86,78;83,86;87,60;72,58;82,28
263,00;roberta-large;0,00;_mean_exclude_cls_sep-4;1,00;24,00;76,58;78,31;91,12;87,35;83,09;87,80;72,35;82,37
264,00;roberta-large;0,00;_concat_cls_with_mean-4;1,00;24,00;76,22;75,42;91,09;87,29;82,10;85,60;68,12;80,83
265,00;roberta-large;0,00;_concat_cls_with_mean_exclude_cls_sep-4;1,00;24,00;76,32;74,97;91,16;87,84;82,87;87,40;70,26;81,55
266,00;roberta-large;0,00;_concat_mean_3_tokens-4;1,00;24,00;76,91;79,68;92,50;88,18;82,32;87,20;67,01;81,97
267,00;roberta-large;0,00;_concat_mean_3_tokens_exclude_cls_and_sep-4;1,00;24,00;77,73;77,77;92,56;87,01;81,71;86,40;66,78;81,42
268,00;roberta-large;0,00;_concat_mean_5_tokens-4;1,00;24,00;76,98;78,09;92,66;87,39;81,49;86,00;65,45;81,15
269,00;roberta-large;0,00;_concat_mean_5_tokens_exclude_cls_and_sep-4;1,00;24,00;77,15;78,23;92,40;68,77;80,12;87,80;66,49;78,71
270,00;roberta-large;0,00;_cls-5;1,00;24,00;68,45;65,09;86,80;68,77;76,88;44,00;66,14;68,02
271,00;roberta-large;0,00;_mean-5;1,00;24,00;78,06;79,76;91,71;87,96;84,68;88,80;71,71;83,24
272,00;roberta-large;0,00;_mean_exclude_cls_sep-5;1,00;24,00;78,01;79,87;91,75;88,24;84,35;88,00;71,42;83,09
273,00;roberta-large;0,00;_concat_cls_with_mean-5;1,00;24,00;77,58;76,00;92,06;88,12;84,62;90,20;71,59;82,88
274,00;roberta-large;0,00;_concat_cls_with_mean_exclude_cls_sep-5;1,00;24,00;77,98;75,89;92,19;88,26;84,51;88,40;71,77;82,71
275,00;roberta-large;0,00;_concat_mean_3_tokens-5;1,00;24,00;78,94;78,99;92,90;88,39;83,09;88,40;68,29;82,71
276,00;roberta-large;0,00;_concat_mean_3_tokens_exclude_cls_and_sep-5;1,00;24,00;79,01;80,53;92,75;87,62;83,31;87,80;68,17;82,74
277,00;roberta-large;0,00;_concat_mean_5_tokens-5;1,00;24,00;78,32;80,27;93,34;88,05;82,54;87,60;67,25;82,48
278,00;roberta-large;0,00;_concat_mean_5_tokens_exclude_cls_and_sep-5;1,00;24,00;77,64;79,84;93,40;68,77;82,26;89,20;65,57;79,53
279,00;roberta-large;0,00;_cls-6;1,00;24,00;68,06;63,84;84,22;68,77;76,00;40,20;66,43;66,79
280,00;roberta-large;0,00;_mean-6;1,00;24,00;78,18;80,74;92,40;87,46;84,40;89,80;72,87;83,69
281,00;roberta-large;0,00;_mean_exclude_cls_sep-6;1,00;24,00;78,77;80,47;92,58;88,37;84,95;89,20;72,87;83,89
282,00;roberta-large;0,00;_concat_cls_with_mean-6;1,00;24,00;79,13;79,23;92,62;88,05;83,91;89,00;69,57;83,07
283,00;roberta-large;0,00;_concat_cls_with_mean_exclude_cls_sep-6;1,00;24,00;79,29;78,91;93,00;88,71;84,84;89,20;69,16;83,30
284,00;roberta-large;0,00;_concat_mean_3_tokens-6;1,00;24,00;79,92;80,82;93,49;88,83;82,48;87,80;69,39;83,25
285,00;roberta-large;0,00;_concat_mean_3_tokens_exclude_cls_and_sep-6;1,00;24,00;79,95;80,61;93,31;88,08;83,31;87,80;69,22;83,18
286,00;roberta-large;0,00;_concat_mean_5_tokens-6;1,00;24,00;79,68;81,83;93,30;87,88;82,32;90,00;69,04;83,44
287,00;roberta-large;0,00;_concat_mean_5_tokens_exclude_cls_and_sep-6;1,00;24,00;79,16;81,51;93,88;68,77;82,92;90,60;66,32;80,45
288,00;roberta-large;0,00;_cls-7;1,00;24,00;68,07;63,76;87,58;68,77;76,94;41,80;66,49;67,63
289,00;roberta-large;0,00;_mean-7;1,00;24,00;79,56;81,32;92,62;88,31;85,56;87,80;73,28;84,06
290,00;roberta-large;0,00;_mean_exclude_cls_sep-7;1,00;24,00;79,64;82,44;93,30;88,72;85,61;88,60;71,94;84,32
291,00;roberta-large;0,00;_concat_cls_with_mean-7;1,00;24,00;80,01;80,56;93,40;88,91;84,68;87,60;69,45;83,52
292,00;roberta-large;0,00;_concat_cls_with_mean_exclude_cls_sep-7;1,00;24,00;79,27;81,48;93,46;89,07;86,22;88,40;71,77;84,24
293,00;roberta-large;0,00;_concat_mean_3_tokens-7;1,00;24,00;79,75;83,21;93,86;89,56;84,35;88,00;69,10;83,98
294,00;roberta-large;0,00;_concat_mean_3_tokens_exclude_cls_and_sep-7;1,00;24,00;80,75;83,68;93,76;88,35;83,64;88,80;68,12;83,87
295,00;roberta-large;0,00;_concat_mean_5_tokens-7;1,00;24,00;80,12;82,86;94,34;88,60;83,53;88,40;68,35;83,74
296,00;roberta-large;0,00;_concat_mean_5_tokens_exclude_cls_and_sep-7;1,00;24,00;79,96;83,84;94,45;68,77;83,75;90,80;69,51;81,58
297,00;roberta-large;0,00;_cls-8;1,00;24,00;70,18;63,76;86,17;68,77;78,53;40,00;67,07;67,78
298,00;roberta-large;0,00;_mean-8;1,00;24,00;80,92;83,21;93,72;89,15;87,04;90,00;74,14;85,45
299,00;roberta-large;0,00;_mean_exclude_cls_sep-8;1,00;24,00;80,72;83,82;93,93;89,13;86,49;88,60;73,45;85,16
300,00;roberta-large;0,00;_concat_cls_with_mean-8;1,00;24,00;80,29;81,62;93,82;88,84;87,10;89,60;71,01;84,61
301,00;roberta-large;0,00;_concat_cls_with_mean_exclude_cls_sep-8;1,00;24,00;80,72;80,95;93,84;89,66;86,99;90,40;71,94;84,93
302,00;roberta-large;0,00;_concat_mean_3_tokens-8;1,00;24,00;81,74;83,12;94,57;89,69;84,68;89,20;67,88;84,41
303,00;roberta-large;0,00;_concat_mean_3_tokens_exclude_cls_and_sep-8;1,00;24,00;81,79;84,32;94,71;89,17;84,90;90,60;67,83;84,76
304,00;roberta-large;0,00;_concat_mean_5_tokens-8;1,00;24,00;81,37;84,56;94,86;89,22;85,89;89,20;67,25;84,62
305,00;roberta-large;0,00;_concat_mean_5_tokens_exclude_cls_and_sep-8;1,00;24,00;81,50;85,22;95,02;68,77;85,72;91,20;65,86;81,90
306,00;roberta-large;0,00;_cls-9;1,00;24,00;66,80;63,76;86,53;68,77;77,76;42,60;66,72;67,56
307,00;roberta-large;0,00;_mean-9;1,00;24,00;81,12;82,28;94,32;89,16;88,74;90,40;72,06;85,44
308,00;roberta-large;0,00;_mean_exclude_cls_sep-9;1,00;24,00;81,11;83,76;94,33;89,26;88,74;89,60;73,22;85,72
309,00;roberta-large;0,00;_concat_cls_with_mean-9;1,00;24,00;81,51;80,82;94,45;88,94;89,02;88,80;72,99;85,22
310,00;roberta-large;0,00;_concat_cls_with_mean_exclude_cls_sep-9;1,00;24,00;81,87;81,03;94,33;89,35;88,74;90,20;73,33;85,55
311,00;roberta-large;0,00;_concat_mean_3_tokens-9;1,00;24,00;82,44;84,32;95,15;89,70;86,93;89,00;68,00;85,08
312,00;roberta-large;0,00;_concat_mean_3_tokens_exclude_cls_and_sep-9;1,00;24,00;82,26;84,05;95,02;89,08;86,88;89,20;63,65;84,31
313,00;roberta-large;0,00;_concat_mean_5_tokens-9;1,00;24,00;81,97;84,13;95,34;88,92;86,88;89,40;67,19;84,83
314,00;roberta-large;0,00;_concat_mean_5_tokens_exclude_cls_and_sep-9;1,00;24,00;81,91;85,48;95,13;68,77;87,04;92,00;61,22;81,65
315,00;roberta-large;0,00;_cls-10;1,00;24,00;72,10;63,76;88,33;68,77;81,27;44,00;66,78;69,29
316,00;roberta-large;0,00;_mean-10;1,00;24,00;82,13;85,09;94,00;89,33;89,46;92,60;74,14;86,68
317,00;roberta-large;0,00;_mean_exclude_cls_sep-10;1,00;24,00;82,00;84,59;94,03;89,86;89,57;92,40;74,20;86,66
318,00;roberta-large;0,00;_concat_cls_with_mean-10;1,00;24,00;81,56;80,64;94,20;89,23;89,02;93,00;73,62;85,90
319,00;roberta-large;0,00;_concat_cls_with_mean_exclude_cls_sep-10;1,00;24,00;81,64;82,33;94,24;90,14;89,51;93,20;72,35;86,20
320,00;roberta-large;0,00;_concat_mean_3_tokens-10;1,00;24,00;83,18;85,93;94,99;90,16;87,42;90,20;68,81;85,81
321,00;roberta-large;0,00;_concat_mean_3_tokens_exclude_cls_and_sep-10;1,00;24,00;83,07;86,33;95,05;89,67;88,03;90,60;68,70;85,92
322,00;roberta-large;0,00;_concat_mean_5_tokens-10;1,00;24,00;83,18;86,60;95,26;89,43;88,03;91,00;64,00;85,36
323,00;roberta-large;0,00;_concat_mean_5_tokens_exclude_cls_and_sep-10;1,00;24,00;83,30;87,15;95,26;68,77;87,86;93,00;62,96;82,61
324,00;roberta-large;0,00;_cls-11;1,00;24,00;74,02;63,76;88,54;68,77;81,49;42,20;66,55;69,33
325,00;roberta-large;0,00;_mean-11;1,00;24,00;82,81;87,28;94,38;89,15;89,84;92,60;74,38;87,21
326,00;roberta-large;0,00;_mean_exclude_cls_sep-11;1,00;24,00;82,91;87,55;94,57;89,78;90,06;92,80;73,86;87,36
327,00;roberta-large;0,00;_concat_cls_with_mean-11;1,00;24,00;82,93;85,64;94,71;89,55;89,68;92,40;69,86;86,40
328,00;roberta-large;0,00;_concat_cls_with_mean_exclude_cls_sep-11;1,00;24,00;83,30;85,72;94,65;89,75;90,17;93,00;70,03;86,66
329,00;roberta-large;0,00;_concat_mean_3_tokens-11;1,00;24,00;84,19;86,70;95,24;90,23;89,02;91,00;68,00;86,34
330,00;roberta-large;0,00;_concat_mean_3_tokens_exclude_cls_and_sep-11;1,00;24,00;84,05;86,54;95,57;89,72;88,63;91,80;68,23;86,36
331,00;roberta-large;0,00;_concat_mean_5_tokens-11;1,00;24,00;83,28;88,61;95,70;89,71;88,69;91,40;67,42;86,40
332,00;roberta-large;0,00;_concat_mean_5_tokens_exclude_cls_and_sep-11;1,00;24,00;83,22;88,56;95,70;68,77;87,86;93,00;64,46;83,08
333,00;roberta-large;0,00;_cls-12;1,00;24,00;72,27;63,76;87,33;68,77;82,26;44,20;66,78;69,34
334,00;roberta-large;0,00;_mean-12;1,00;24,00;83,88;88,16;94,32;89,59;90,66;91,80;73,16;87,37
335,00;roberta-large;0,00;_mean_exclude_cls_sep-12;1,00;24,00;84,12;88,45;94,70;89,63;90,61;92,40;71,42;87,33
336,00;roberta-large;0,00;_concat_cls_with_mean-12;1,00;24,00;83,46;86,28;94,65;89,77;90,66;92,60;73,16;87,23
337,00;roberta-large;0,00;_concat_cls_with_mean_exclude_cls_sep-12;1,00;24,00;84,39;86,36;94,68;89,84;90,61;93,20;72,87;87,42
338,00;roberta-large;0,00;_concat_mean_3_tokens-12;1,00;24,00;84,18;88,80;95,80;90,29;89,73;92,80;68,23;87,12
339,00;roberta-large;0,00;_concat_mean_3_tokens_exclude_cls_and_sep-12;1,00;24,00;84,71;89,08;95,62;89,78;89,62;92,80;68,17;87,11
340,00;roberta-large;0,00;_concat_mean_5_tokens-12;1,00;24,00;84,69;88,64;96,09;89,85;89,73;91,60;67,59;86,88
341,00;roberta-large;0,00;_concat_mean_5_tokens_exclude_cls_and_sep-12;1,00;24,00;84,81;89,32;95,93;68,77;89,68;94,00;66,96;84,21
342,00;roberta-large;0,00;_cls-13;1,00;24,00;69,11;63,76;86,23;68,77;82,76;38,80;67,13;68,08
343,00;roberta-large;0,00;_mean-13;1,00;24,00;84,85;87,95;94,55;89,69;92,09;92,40;74,38;87,99
344,00;roberta-large;0,00;_mean_exclude_cls_sep-13;1,00;24,00;85,11;89,43;94,78;89,63;91,87;92,60;73,57;88,14
345,00;roberta-large;0,00;_concat_cls_with_mean-13;1,00;24,00;84,96;87,71;94,79;89,59;92,15;93,20;71,65;87,72
346,00;roberta-large;0,00;_concat_cls_with_mean_exclude_cls_sep-13;1,00;24,00;84,91;88,13;94,70;90,08;92,20;93,60;72,52;88,02
347,00;roberta-large;0,00;_concat_mean_3_tokens-13;1,00;24,00;84,73;90,04;95,52;90,54;91,54;93,00;69,04;87,77
348,00;roberta-large;0,00;_concat_mean_3_tokens_exclude_cls_and_sep-13;1,00;24,00;85,54;89,94;95,51;89,64;91,27;93,40;68,64;87,71
349,00;roberta-large;0,00;_concat_mean_5_tokens-13;1,00;24,00;85,36;90,41;95,92;89,71;91,05;91,00;64,46;86,84
350,00;roberta-large;0,00;_concat_mean_5_tokens_exclude_cls_and_sep-13;1,00;24,00;85,54;89,64;95,86;68,77;90,72;94,40;63,13;84,01
351,00;roberta-large;0,00;_cls-14;1,00;24,00;71,61;63,76;83,67;68,77;84,95;40,20;67,01;68,57
352,00;roberta-large;0,00;_mean-14;1,00;24,00;85,79;88,82;94,94;89,19;92,04;93,40;74,72;88,41
353,00;roberta-large;0,00;_mean_exclude_cls_sep-14;1,00;24,00;85,55;88,93;95,09;89,36;92,09;93,00;75,59;88,52
354,00;roberta-large;0,00;_concat_cls_with_mean-14;1,00;24,00;85,42;86,54;94,83;89,49;92,04;92,00;74,49;87,83
355,00;roberta-large;0,00;_concat_cls_with_mean_exclude_cls_sep-14;1,00;24,00;85,30;88,26;94,55;89,64;92,20;93,20;74,78;88,28
356,00;roberta-large;0,00;_concat_mean_3_tokens-14;1,00;24,00;85,88;89,93;95,58;90,02;91,49;93,00;69,39;87,90
357,00;roberta-large;0,00;_concat_mean_3_tokens_exclude_cls_and_sep-14;1,00;24,00;86,32;89,67;95,81;89,72;91,05;94,40;68,64;87,94
358,00;roberta-large;0,00;_concat_mean_5_tokens-14;1,00;24,00;86,31;89,83;96,24;89,42;91,60;90,60;64,93;86,99
359,00;roberta-large;0,00;_concat_mean_5_tokens_exclude_cls_and_sep-14;1,00;24,00;86,15;89,86;96,08;68,77;91,21;93,80;63,25;84,16
360,00;roberta-large;0,00;_cls-15;1,00;24,00;67,46;63,76;79,59;68,76;77,76;40,00;66,49;66,26
361,00;roberta-large;0,00;_mean-15;1,00;24,00;86,16;88,93;94,81;89,37;92,37;92,40;74,90;88,42
362,00;roberta-large;0,00;_mean_exclude_cls_sep-15;1,00;24,00;86,18;89,51;94,60;89,93;92,81;92,80;74,43;88,61
363,00;roberta-large;0,00;_concat_cls_with_mean-15;1,00;24,00;85,92;88,37;94,78;89,13;92,53;92,60;71,71;87,86
364,00;roberta-large;0,00;_concat_cls_with_mean_exclude_cls_sep-15;1,00;24,00;85,91;88,82;95,15;89,62;92,64;93,80;74,55;88,64
365,00;roberta-large;0,00;_concat_mean_3_tokens-15;1,00;24,00;86,54;89,67;95,59;90,03;91,05;91,40;67,83;87,44
366,00;roberta-large;0,00;_concat_mean_3_tokens_exclude_cls_and_sep-15;1,00;24,00;86,47;88,98;96,06;89,70;91,32;93,00;67,07;87,51
367,00;roberta-large;0,00;_concat_mean_5_tokens-15;1,00;24,00;86,58;89,25;95,78;89,43;90,77;90,80;68,06;87,24
368,00;roberta-large;0,00;_concat_mean_5_tokens_exclude_cls_and_sep-15;1,00;24,00;86,49;90,38;96,18;68,77;90,99;95,60;64,23;84,66
369,00;roberta-large;0,00;_cls-16;1,00;24,00;79,04;63,74;87,79;68,76;85,83;37,40;66,49;69,86
370,00;roberta-large;0,00;_mean-16;1,00;24,00;86,05;89,75;94,62;89,07;92,86;92,00;75,36;88,53
371,00;roberta-large;0,00;_mean_exclude_cls_sep-16;1,00;24,00;86,13;89,64;94,64;89,13;92,59;91,60;75,25;88,43
372,00;roberta-large;0,00;_concat_cls_with_mean-16;1,00;24,00;85,97;89,01;95,00;88,78;92,97;92,80;71,25;87,97
373,00;roberta-large;0,00;_concat_cls_with_mean_exclude_cls_sep-16;1,00;24,00;86,27;89,22;95,06;89,54;93,25;93,00;72,46;88,40
374,00;roberta-large;0,00;_concat_mean_3_tokens-16;1,00;24,00;86,57;89,72;95,67;90,45;92,04;92,80;68,64;87,98
375,00;roberta-large;0,00;_concat_mean_3_tokens_exclude_cls_and_sep-16;1,00;24,00;86,68;89,06;95,74;89,46;92,31;93,20;68,00;87,78
376,00;roberta-large;0,00;_concat_mean_5_tokens-16;1,00;24,00;87,12;90,76;95,58;89,39;92,04;90,00;69,51;87,77
377,00;roberta-large;0,00;_concat_mean_5_tokens_exclude_cls_and_sep-16;1,00;24,00;87,03;90,86;96,12;68,77;91,32;94,80;65,97;84,98
378,00;roberta-large;0,00;_cls-17;1,00;24,00;79,54;63,68;90,11;68,76;86,49;44,80;66,49;71,41
379,00;roberta-large;0,00;_mean-17;1,00;24,00;86,60;88,21;94,43;89,05;92,53;90,20;75,71;88,10
380,00;roberta-large;0,00;_mean_exclude_cls_sep-17;1,00;24,00;86,06;88,66;94,61;89,73;92,92;91,20;75,25;88,35
381,00;roberta-large;0,00;_concat_cls_with_mean-17;1,00;24,00;86,05;88,79;94,97;89,10;92,70;92,60;71,65;87,98
382,00;roberta-large;0,00;_concat_cls_with_mean_exclude_cls_sep-17;1,00;24,00;86,13;88,87;94,83;89,70;92,81;93,20;72,41;88,28
383,00;roberta-large;0,00;_concat_mean_3_tokens-17;1,00;24,00;86,70;89,06;95,80;90,23;92,09;91,80;66,84;87,50
384,00;roberta-large;0,00;_concat_mean_3_tokens_exclude_cls_and_sep-17;1,00;24,00;87,13;89,06;95,38;89,68;92,97;91,40;68,35;87,71
385,00;roberta-large;0,00;_concat_mean_5_tokens-17;1,00;24,00;87,43;89,48;95,78;89,31;92,09;91,00;67,07;87,45
386,00;roberta-large;0,00;_concat_mean_5_tokens_exclude_cls_and_sep-17;1,00;24,00;87,27;90,41;95,73;68,77;92,37;94,20;63,88;84,66
387,00;roberta-large;0,00;_cls-18;1,00;24,00;75,72;63,68;89,71;68,77;86,00;45,40;66,84;70,87
388,00;roberta-large;0,00;_mean-18;1,00;24,00;86,30;89,11;94,76;88,86;93,19;91,20;74,67;88,30
389,00;roberta-large;0,00;_mean_exclude_cls_sep-18;1,00;24,00;86,61;89,14;94,93;89,32;93,14;91,60;75,25;88,57
390,00;roberta-large;0,00;_concat_cls_with_mean-18;1,00;24,00;86,25;88,61;94,94;89,02;93,19;90,20;71,88;87,73
391,00;roberta-large;0,00;_concat_cls_with_mean_exclude_cls_sep-18;1,00;24,00;86,21;88,85;95,03;89,28;93,25;92,60;73,28;88,36
392,00;roberta-large;0,00;_concat_mean_3_tokens-18;1,00;24,00;87,30;90,09;95,35;89,87;92,42;92,40;67,48;87,84
393,00;roberta-large;0,00;_concat_mean_3_tokens_exclude_cls_and_sep-18;1,00;24,00;87,30;88,50;95,44;89,48;92,70;92,00;65,97;87,34
394,00;roberta-large;0,00;_concat_mean_5_tokens-18;1,00;24,00;87,59;89,22;95,85;89,26;91,93;90,80;67,71;87,48
395,00;roberta-large;0,00;_concat_mean_5_tokens_exclude_cls_and_sep-18;1,00;24,00;87,05;89,99;95,79;68,77;91,93;94,40;64,99;84,70
396,00;roberta-large;0,00;_cls-19;1,00;24,00;75,70;63,71;86,43;81,83;83,53;65,60;66,49;74,76
397,00;roberta-large;0,00;_mean-19;1,00;24,00;86,27;87,52;94,92;88,93;92,53;91,80;74,55;88,07
398,00;roberta-large;0,00;_mean_exclude_cls_sep-19;1,00;24,00;86,37;87,71;94,57;89,25;92,70;91,40;75,07;88,15
399,00;roberta-large;0,00;_concat_cls_with_mean-19;1,00;24,00;86,40;88,90;94,64;88,98;92,86;90,40;73,16;87,91
400,00;roberta-large;0,00;_concat_cls_with_mean_exclude_cls_sep-19;1,00;24,00;86,52;88,90;94,92;89,14;92,86;92,20;71,83;88,05
401,00;roberta-large;0,00;_concat_mean_3_tokens-19;1,00;24,00;86,97;88,26;95,24;89,89;91,71;93,20;69,28;87,79
402,00;roberta-large;0,00;_concat_mean_3_tokens_exclude_cls_and_sep-19;1,00;24,00;87,12;88,13;95,65;89,50;91,76;90,80;65,22;86,88
403,00;roberta-large;0,00;_concat_mean_5_tokens-19;1,00;24,00;87,22;89,30;95,99;89,12;92,15;89,80;64,12;86,81
404,00;roberta-large;0,00;_concat_mean_5_tokens_exclude_cls_and_sep-19;1,00;24,00;87,01;89,64;96,00;68,77;90,83;93,20;68,00;84,78
405,00;roberta-large;0,00;_cls-20;1,00;24,00;73,16;63,76;89,42;72,58;84,46;44,20;66,78;70,62
406,00;roberta-large;0,00;_mean-20;1,00;24,00;85,73;87,20;94,99;88,80;92,04;90,20;74,78;87,68
407,00;roberta-large;0,00;_mean_exclude_cls_sep-20;1,00;24,00;85,92;86,70;95,19;89,09;92,20;91,00;74,32;87,77
408,00;roberta-large;0,00;_concat_cls_with_mean-20;1,00;24,00;85,53;86,43;94,96;88,91;91,98;90,60;72,64;87,29
409,00;roberta-large;0,00;_concat_cls_with_mean_exclude_cls_sep-20;1,00;24,00;85,55;86,73;94,94;89,19;91,87;92,80;72,06;87,59
410,00;roberta-large;0,00;_concat_mean_3_tokens-20;1,00;24,00;86,51;88,48;95,70;89,21;90,88;90,80;67,65;87,03
411,00;roberta-large;0,00;_concat_mean_3_tokens_exclude_cls_and_sep-20;1,00;24,00;86,23;88,53;95,74;88,90;91,16;91,80;66,26;86,95
412,00;roberta-large;0,00;_concat_mean_5_tokens-20;1,00;24,00;86,55;89,46;95,92;88,83;90,83;89,80;67,48;86,98
413,00;roberta-large;0,00;_concat_mean_5_tokens_exclude_cls_and_sep-20;1,00;24,00;86,20;89,24;95,76;68,77;90,33;93,60;67,19;84,44
414,00;roberta-large;0,00;_cls-21;1,00;24,00;71,01;63,71;86,10;68,98;80,78;44,40;67,07;68,86
415,00;roberta-large;0,00;_mean-21;1,00;24,00;84,87;85,67;94,89;88,23;91,16;90,80;74,14;87,11
416,00;roberta-large;0,00;_mean_exclude_cls_sep-21;1,00;24,00;85,11;87,18;95,01;88,78;91,65;89,80;74,96;87,50
417,00;roberta-large;0,00;_concat_cls_with_mean-21;1,00;24,00;84,97;87,15;94,78;88,47;91,10;88,80;71,01;86,61
418,00;roberta-large;0,00;_concat_cls_with_mean_exclude_cls_sep-21;1,00;24,00;84,48;87,34;94,76;89,07;91,54;91,40;72,64;87,32
419,00;roberta-large;0,00;_concat_mean_3_tokens-21;1,00;24,00;84,90;87,68;95,70;89,51;90,77;92,40;68,29;87,04
420,00;roberta-large;0,00;_concat_mean_3_tokens_exclude_cls_and_sep-21;1,00;24,00;85,10;88,37;95,85;88,69;90,77;91,80;67,01;86,80
421,00;roberta-large;0,00;_concat_mean_5_tokens-21;1,00;24,00;86,13;88,53;95,69;88,73;90,66;89,60;67,65;86,71
422,00;roberta-large;0,00;_concat_mean_5_tokens_exclude_cls_and_sep-21;1,00;24,00;85,14;88,10;95,57;68,77;90,77;94,20;65,97;84,07
423,00;roberta-large;0,00;_cls-22;1,00;24,00;68,90;63,74;85,58;68,73;81,60;33,00;66,49;66,86
424,00;roberta-large;0,00;_mean-22;1,00;24,00;84,44;84,58;94,98;88,21;90,72;89,60;73,97;86,64
425,00;roberta-large;0,00;_mean_exclude_cls_sep-22;1,00;24,00;85,00;86,01;94,89;88,90;91,05;89,60;74,20;87,09
426,00;roberta-large;0,00;_concat_cls_with_mean-22;1,00;24,00;84,03;85,03;94,61;88,00;90,44;90,60;72,64;86,48
427,00;roberta-large;0,00;_concat_cls_with_mean_exclude_cls_sep-22;1,00;24,00;84,16;86,20;94,52;88,69;90,94;91,20;73,04;86,96
428,00;roberta-large;0,00;_concat_mean_3_tokens-22;1,00;24,00;84,74;86,73;95,41;89,04;90,23;92,00;68,70;86,69
429,00;roberta-large;0,00;_concat_mean_3_tokens_exclude_cls_and_sep-22;1,00;24,00;84,46;86,83;95,69;88,76;89,95;92,20;67,01;86,41
430,00;roberta-large;0,00;_concat_mean_5_tokens-22;1,00;24,00;85,75;88,34;95,55;88,64;90,83;90,20;66,61;86,56
431,00;roberta-large;0,00;_concat_mean_5_tokens_exclude_cls_and_sep-22;1,00;24,00;84,56;87,29;95,43;68,77;89,62;93,00;66,90;83,65
432,00;roberta-large;0,00;_cls-23;1,00;24,00;64,95;63,71;87,33;68,74;76,66;43,00;67,30;67,38
433,00;roberta-large;0,00;_mean-23;1,00;24,00;84,45;83,39;94,52;87,65;90,39;89,40;72,70;86,07
434,00;roberta-large;0,00;_mean_exclude_cls_sep-23;1,00;24,00;84,44;83,23;94,50;88,56;91,05;92,20;73,45;86,78
435,00;roberta-large;0,00;_concat_cls_with_mean-23;1,00;24,00;84,15;82,78;94,56;87,30;90,66;89,60;71,54;85,80
436,00;roberta-large;0,00;_concat_cls_with_mean_exclude_cls_sep-23;1,00;24,00;84,25;85,17;94,44;88,38;90,66;91,20;72,29;86,63
437,00;roberta-large;0,00;_concat_mean_3_tokens-23;1,00;24,00;84,47;86,28;95,79;88,93;90,28;92,00;68,00;86,54
438,00;roberta-large;0,00;_concat_mean_3_tokens_exclude_cls_and_sep-23;1,00;24,00;84,39;86,89;95,73;88,60;90,12;92,20;66,32;86,32
439,00;roberta-large;0,00;_concat_mean_5_tokens-23;1,00;24,00;84,71;87,65;95,93;88,38;90,17;91,20;64,70;86,11
440,00;roberta-large;0,00;_concat_mean_5_tokens_exclude_cls_and_sep-23;1,00;24,00;85,33;87,79;95,69;68,77;89,62;93,40;67,01;83,94
441,00;roberta-large;0,00;_cls-24;1,00;24,00;77,51;63,76;91,25;70,47;86,82;53,60;66,49;72,84
442,00;roberta-large;0,00;_mean-24;1,00;24,00;82,18;77,83;93,66;86,19;90,23;80,80;66,49;82,48
443,00;roberta-large;0,00;_mean_exclude_cls_sep-24;1,00;24,00;82,81;79,37;93,67;86,38;90,23;79,20;68,58;82,89
444,00;roberta-large;0,00;_concat_cls_with_mean-24;1,00;24,00;82,90;81,40;94,22;85,83;89,95;81,40;68,23;83,42
445,00;roberta-large;0,00;_concat_cls_with_mean_exclude_cls_sep-24;1,00;24,00;83,22;81,83;94,32;86,61;90,61;85,60;70,72;84,70
446,00;roberta-large;0,00;_concat_mean_3_tokens-24;1,00;24,00;84,02;83,45;94,67;87,39;89,24;88,20;68,23;85,03
447,00;roberta-large;0,00;_concat_mean_3_tokens_exclude_cls_and_sep-24;1,00;24,00;83,66;84,53;94,53;86,94;89,18;89,40;66,90;85,02
448,00;roberta-large;0,00;_concat_mean_5_tokens-24;1,00;24,00;83,92;86,07;95,13;86,55;89,90;88,20;68,23;85,43
449,00;roberta-large;0,00;_concat_mean_5_tokens_exclude_cls_and_sep-24;1,00;24,00;83,93;85,30;94,82;68,77;89,79;89,60;66,43;82,66
450,00;roberta-large;0,00;cls_last4;1,00;24,00;75,77;64,19;90,99;70,56;86,27;46,60;66,49;71,55
451,00;roberta-large;0,00;mean_last4;1,00;24,00;85,57;86,25;95,62;88,86;91,10;92,40;71,01;87,26
452,00;roberta-large;0,00;mean_exclude_cls_sep_last4;1,00;24,00;85,84;87,36;95,55;88,95;91,21;93,60;70,90;87,63
453,00;roberta-large;0,00;concat_cls_with_mean_last4;1,00;24,00;85,60;86,73;95,55;88,72;91,10;93,00;68,23;86,99
454,00;roberta-large;0,00;concat_cls_with_mean_exclude_cls_sep_last4;1,00;24,00;85,64;87,37;95,40;88,75;90,99;93,40;66,49;86,86
455,00;roberta-large;0,00;concat_mean_3_tokens_last4;1,00;24,00;85,48;88,82;95,87;89,53;90,33;92,60;66,49;87,02
456,00;roberta-large;0,00;concat_mean_3_tokens_exclude_cls_and_sep_last4;1,00;24,00;85,93;88,19;95,69;88,45;90,66;91,80;66,78;86,79
457,00;roberta-large;0,00;concat_mean_5_tokens_last4;1,00;24,00;85,59;88,48;95,94;88,20;90,99;92,60;67,94;87,11
458,00;roberta-large;0,00;concat_mean_5_tokens_exclude_cls_and_sep_last4;1,00;24,00;85,42;87,39;95,57;68,77;89,84;92,60;63,54;83,30
459,00;roberta-large;0,00;cls_sumall;1,00;24,00;74,77;66,49;89,85;76,59;83,47;43,00;66,49;71,52
460,00;roberta-large;0,00;mean_sumall;1,00;24,00;85,38;87,18;95,49;88,68;91,60;93,60;68,17;87,16
461,00;roberta-large;0,00;mean_exclude_cls_sep_sumall;1,00;24,00;85,26;86,91;95,39;87,60;91,93;93,60;67,77;86,92
462,00;roberta-large;0,00;concat_cls_with_mean_sumall;1,00;24,00;85,53;87,18;95,51;89,23;91,32;93,80;66,03;86,94
463,00;roberta-large;0,00;concat_cls_with_mean_exclude_cls_sep_sumall;1,00;24,00;85,75;87,07;95,68;88,86;91,82;93,80;67,65;87,23
464,00;roberta-large;0,00;concat_mean_3_tokens_sumall;1,00;24,00;85,46;86,12;95,67;89,36;90,66;93,00;66,49;86,68
465,00;roberta-large;0,00;concat_mean_3_tokens_exclude_cls_and_sep_sumall;1,00;24,00;85,41;87,42;95,59;87,23;90,17;93,00;66,49;86,47
466,00;roberta-large;0,00;concat_mean_5_tokens_sumall;1,00;24,00;83,45;87,10;95,23;87,75;89,18;91,40;68,81;86,13
467,00;roberta-large;0,00;concat_mean_5_tokens_exclude_cls_and_sep_sumall;1,00;24,00;83,70;86,62;95,29;68,77;89,35;89,40;68,46;83,08
