Unnamed: 0,Modelo,nhid,Pooling,epochs,qtd_layers,MR,CR,SUBJ,MPQA,SST2,TREC,MRPC,Avg_without_SST5
,PromptEOL (Lllama2-7B),not defined,llm,not,not,90.63,92.87,96.32,91.19,95.0,95.4,75.19,90.94
,PromptEOL + TP (Ours) (Lllama2-7B),not defined,llm,not,not,90.9,93.35,96.58,91.51,95.5,96.0,76.12,91.42
,Pretended CoT (Lllama2-7B),not defined,llm,not,not,90.1,92.24,96.32,91.54,95.11,94.2,75.77,90.75
,Pretended CoT + TP (Ours) (Lllama2-7B),not defined,llm,not,not,90.45,92.61,96.52,91.59,95.77,96.0,76.81,91.39
,Knowledge (Lllama2-7B),not defined,llm,not,not,89.84,93.03,96.21,91.54,94.78,97.2,73.91,90.93
,Knowledge + TP (Ours) (Lllama2-7B),not defined,llm,not,not,90.39,93.32,96.31,91.56,94.51,97.6,76.06,91.39
,CLTC-RoBERTa=Large,not defined,,5,24,88.22,92.54,95.14,90.12,92.57,91.99,77.27,89.69
,CLTC-RoBERTa=Large,not defined,,1,24,81.83,88.92,93.52,89.88,88.94,92.36,76.47,87.42
,HNCSE-PM (bert-large),not defined,cls,1,24,84.91,89.32,95.0,90.02,89.68,86.85,75.49,87.32
,HNCSE-HNM (bert-large),not defined,cls,1,24,85.89,90.57,96.06,89.91,89.91,85.91,76.47,87.82
,WordFS-P-woP-150D,not defined,mean,1,1,73.09,74.86,89.86,86.24,76.22,65.4,71.01,76.67
,WordFS-P-wP-150D,not defined,mean,1,1,74.03,76.0,89.2,86.24,76.5,65.2,70.38,76.69
,WordFS-P-woP-100D,not defined,mean,1,1,72.24,73.96,88.62,85.26,73.97,62.0,71.42,75.35
,WordFS-P-wP-100D,not defined,mean,1,1,72.68,75.42,88.25,85.5,76.94,64.4,71.59,76.4
,WordFS-P-woP-50D,not defined,mean,1,1,68.54,70.54,85.51,81.35,69.85,56.2,71.65,71.95
,WordFS-P-wP-50D,not defined,mean,1,1,69.96,71.05,84.25,83.29,72.1,56.6,71.3,72.65
0.0,bert-large-uncased,0,_cls-1,1,24,60.59,63.76,76.81,82.06,71.83,57.8,66.55,68.4857142857143
1.0,bert-large-uncased,0,_mean-1,1,24,74.24,74.2,90.56,87.84,81.44,80.2,73.04,80.21714285714286
2.0,bert-large-uncased,0,_mean_exclude_cls_sep-1,1,24,73.98,74.91,90.49,88.34,81.38,84.4,72.46,80.85142857142857
3.0,bert-large-uncased,0,_concat_cls_with_mean-1,1,24,74.28,76.32,90.41,88.18,80.12,83.4,71.94,80.66428571428573
4.0,bert-large-uncased,0,_concat_cls_with_mean_exclude_cls_sep-1,1,24,74.27,78.39,90.46,88.14,80.78,85.8,72.06,81.41428571428571
5.0,bert-large-uncased,0,_concat_mean_3_tokens-1,1,24,75.12,79.31,91.35,88.43,77.98,83.8,67.94,80.56142857142858
6.0,bert-large-uncased,0,_concat_mean_3_tokens_exclude_cls_and_sep-1,1,24,74.85,79.29,91.33,88.31,77.48,87.4,66.78,80.77714285714285
7.0,bert-large-uncased,0,_concat_mean_5_tokens-1,1,24,75.53,80.11,92.03,87.72,77.05,84.4,66.49,80.47571428571429
8.0,bert-large-uncased,0,_concat_mean_5_tokens_exclude_cls_and_sep-1,1,24,75.24,78.83,91.85,68.77,50.08,86.4,68.41,74.22571428571428
9.0,bert-large-uncased,0,_cls-2,1,24,69.15,63.76,88.27,82.18,76.88,62.4,66.49,72.73285714285714
10.0,bert-large-uncased,0,_mean-2,1,24,73.98,74.94,91.04,87.46,81.22,81.8,72.17,80.37285714285714
11.0,bert-large-uncased,0,_mean_exclude_cls_sep-2,1,24,74.56,74.73,90.81,88.23,81.33,83.0,72.58,80.74857142857142
12.0,bert-large-uncased,0,_concat_cls_with_mean-2,1,24,73.58,77.4,90.92,87.88,81.0,81.8,72.93,80.78714285714285
13.0,bert-large-uncased,0,_concat_cls_with_mean_exclude_cls_sep-2,1,24,73.78,77.62,90.79,87.99,81.16,81.8,72.12,80.75142857142858
14.0,bert-large-uncased,0,_concat_mean_3_tokens-2,1,24,75.52,79.68,91.83,88.37,78.36,84.6,69.33,81.09857142857143
15.0,bert-large-uncased,0,_concat_mean_3_tokens_exclude_cls_and_sep-2,1,24,75.28,78.36,91.92,87.84,78.14,86.4,69.1,81.00571428571428
16.0,bert-large-uncased,0,_concat_mean_5_tokens-2,1,24,75.5,78.94,92.04,87.49,78.09,87.4,69.45,81.27285714285715
17.0,bert-large-uncased,0,_concat_mean_5_tokens_exclude_cls_and_sep-2,1,24,75.42,78.31,92.18,68.77,50.08,87.0,66.61,74.05285714285715
18.0,bert-large-uncased,0,_cls-3,1,24,68.67,63.76,88.75,82.73,77.16,65.0,66.49,73.22285714285715
19.0,bert-large-uncased,0,_mean-3,1,24,73.68,75.07,91.48,87.88,81.0,82.8,71.83,80.53428571428572
20.0,bert-large-uncased,0,_mean_exclude_cls_sep-3,1,24,74.47,76.16,91.35,88.23,81.38,82.0,71.71,80.75714285714285
21.0,bert-large-uncased,0,_concat_cls_with_mean-3,1,24,74.74,76.9,91.15,87.57,81.44,82.4,71.71,80.84428571428573
22.0,bert-large-uncased,0,_concat_cls_with_mean_exclude_cls_sep-3,1,24,74.66,77.27,90.75,88.01,81.27,82.0,72.52,80.92571428571429
23.0,bert-large-uncased,0,_concat_mean_3_tokens-3,1,24,75.1,78.57,92.26,87.72,78.42,84.6,67.83,80.64285714285714
24.0,bert-large-uncased,0,_concat_mean_3_tokens_exclude_cls_and_sep-3,1,24,75.33,77.85,92.06,88.0,78.03,87.2,68.41,80.98285714285714
25.0,bert-large-uncased,0,_concat_mean_5_tokens-3,1,24,75.31,78.91,92.61,87.41,78.09,84.4,67.3,80.57571428571428
26.0,bert-large-uncased,0,_concat_mean_5_tokens_exclude_cls_and_sep-3,1,24,75.4,79.18,91.93,68.77,50.08,86.6,68.35,74.33000000000001
27.0,bert-large-uncased,0,_cls-4,1,24,68.08,63.76,88.95,82.79,76.66,66.0,66.49,73.24714285714286
28.0,bert-large-uncased,0,_mean-4,1,24,74.29,75.97,92.1,87.78,81.27,83.6,71.59,80.94285714285715
29.0,bert-large-uncased,0,_mean_exclude_cls_sep-4,1,24,74.5,77.03,91.49,88.2,80.89,86.0,72.52,81.51857142857143
30.0,bert-large-uncased,0,_concat_cls_with_mean-4,1,24,74.48,76.71,91.46,87.19,81.22,81.4,71.88,80.61999999999999
31.0,bert-large-uncased,0,_concat_cls_with_mean_exclude_cls_sep-4,1,24,74.67,76.32,91.46,87.82,81.22,82.2,72.64,80.90428571428572
32.0,bert-large-uncased,0,_concat_mean_3_tokens-4,1,24,74.89,78.73,93.05,88.16,78.53,88.2,67.54,81.3
33.0,bert-large-uncased,0,_concat_mean_3_tokens_exclude_cls_and_sep-4,1,24,75.18,79.02,93.06,88.27,77.98,88.8,68.58,81.55571428571429
34.0,bert-large-uncased,0,_concat_mean_5_tokens-4,1,24,75.47,79.15,93.13,87.33,77.92,87.4,67.42,81.11714285714285
35.0,bert-large-uncased,0,_concat_mean_5_tokens_exclude_cls_and_sep-4,1,24,75.49,78.09,92.88,68.77,50.08,87.2,65.33,73.97714285714285
36.0,bert-large-uncased,0,_cls-5,1,24,69.06,66.17,90.79,81.79,78.86,64.2,67.01,73.98285714285716
37.0,bert-large-uncased,0,_mean-5,1,24,75.1,74.81,92.37,87.63,80.67,83.0,72.64,80.88857142857144
38.0,bert-large-uncased,0,_mean_exclude_cls_sep-5,1,24,75.48,77.16,92.31,88.16,80.83,86.4,72.41,81.82142857142857
39.0,bert-large-uncased,0,_concat_cls_with_mean-5,1,24,74.96,76.9,92.73,87.66,81.82,82.0,73.51,81.36857142857143
40.0,bert-large-uncased,0,_concat_cls_with_mean_exclude_cls_sep-5,1,24,74.97,76.82,92.37,87.96,81.33,83.2,72.93,81.36857142857141
41.0,bert-large-uncased,0,_concat_mean_3_tokens-5,1,24,75.7,78.28,92.81,88.39,80.12,87.2,67.54,81.4342857142857
42.0,bert-large-uncased,0,_concat_mean_3_tokens_exclude_cls_and_sep-5,1,24,75.15,77.59,92.93,87.94,78.42,89.4,67.71,81.3057142857143
43.0,bert-large-uncased,0,_concat_mean_5_tokens-5,1,24,75.51,78.44,93.54,87.69,77.98,87.0,65.04,80.74285714285715
44.0,bert-large-uncased,0,_concat_mean_5_tokens_exclude_cls_and_sep-5,1,24,76.03,78.01,93.61,68.77,50.08,88.2,65.8,74.35714285714286
45.0,bert-large-uncased,0,_cls-6,1,24,70.53,68.95,90.71,83.34,77.81,61.6,69.86,74.68571428571428
46.0,bert-large-uncased,0,_mean-6,1,24,75.78,75.92,92.62,87.22,81.27,83.6,74.09,81.5
47.0,bert-large-uncased,0,_mean_exclude_cls_sep-6,1,24,75.8,77.03,92.71,87.94,81.49,84.6,74.26,81.97571428571428
48.0,bert-large-uncased,0,_concat_cls_with_mean-6,1,24,75.81,77.75,93.01,88.06,81.0,84.4,74.14,82.02428571428571
49.0,bert-large-uncased,0,_concat_cls_with_mean_exclude_cls_sep-6,1,24,75.61,77.38,93.25,87.97,80.62,85.6,73.91,82.04857142857144
50.0,bert-large-uncased,0,_concat_mean_3_tokens-6,1,24,76.1,78.83,93.36,87.69,79.3,87.6,68.41,81.61285714285714
51.0,bert-large-uncased,0,_concat_mean_3_tokens_exclude_cls_and_sep-6,1,24,75.71,78.97,93.82,88.37,77.98,87.4,68.99,81.60571428571428
52.0,bert-large-uncased,0,_concat_mean_5_tokens-6,1,24,75.7,78.41,94.1,87.37,77.65,88.0,69.51,81.53428571428572
53.0,bert-large-uncased,0,_concat_mean_5_tokens_exclude_cls_and_sep-6,1,24,76.19,78.92,93.77,68.77,50.08,87.4,66.9,74.57571428571428
54.0,bert-large-uncased,0,_cls-7,1,24,72.26,72.5,91.64,84.88,78.42,70.0,68.23,76.84714285714286
55.0,bert-large-uncased,0,_mean-7,1,24,75.39,76.72,93.11,87.55,81.33,85.6,73.8,81.92857142857143
56.0,bert-large-uncased,0,_mean_exclude_cls_sep-7,1,24,75.57,77.77,93.24,88.41,80.89,85.6,73.22,82.10000000000001
57.0,bert-large-uncased,0,_concat_cls_with_mean-7,1,24,75.76,77.25,93.58,88.07,82.21,83.6,73.62,82.01285714285713
58.0,bert-large-uncased,0,_concat_cls_with_mean_exclude_cls_sep-7,1,24,75.81,78.17,93.65,88.53,81.93,87.6,73.91,82.8
59.0,bert-large-uncased,0,_concat_mean_3_tokens-7,1,24,76.04,79.36,94.04,88.63,78.86,88.6,68.93,82.0657142857143
60.0,bert-large-uncased,0,_concat_mean_3_tokens_exclude_cls_and_sep-7,1,24,76.27,79.15,93.73,88.21,78.36,88.4,68.99,81.87285714285714
61.0,bert-large-uncased,0,_concat_mean_5_tokens-7,1,24,76.46,79.07,93.93,87.78,78.58,89.2,66.84,81.69428571428571
62.0,bert-large-uncased,0,_concat_mean_5_tokens_exclude_cls_and_sep-7,1,24,76.4,78.25,93.98,68.77,50.08,89.6,67.01,74.86999999999999
63.0,bert-large-uncased,0,_cls-8,1,24,72.08,72.5,91.4,84.27,77.87,68.6,67.65,76.33857142857143
64.0,bert-large-uncased,0,_mean-8,1,24,76.06,76.56,92.98,86.77,82.1,84.6,73.33,81.77142857142859
65.0,bert-large-uncased,0,_mean_exclude_cls_sep-8,1,24,75.92,77.62,93.01,88.19,82.54,86.0,72.46,82.24857142857142
66.0,bert-large-uncased,0,_concat_cls_with_mean-8,1,24,75.51,77.75,93.42,87.71,81.49,85.0,73.45,82.04714285714286
67.0,bert-large-uncased,0,_concat_cls_with_mean_exclude_cls_sep-8,1,24,75.78,77.8,93.75,88.2,81.99,87.0,73.45,82.56714285714285
68.0,bert-large-uncased,0,_concat_mean_3_tokens-8,1,24,76.17,78.2,94.24,88.38,79.13,87.6,68.87,81.79857142857144
69.0,bert-large-uncased,0,_concat_mean_3_tokens_exclude_cls_and_sep-8,1,24,76.03,78.54,93.72,88.0,79.02,88.0,68.75,81.72285714285714
70.0,bert-large-uncased,0,_concat_mean_5_tokens-8,1,24,76.52,78.07,94.08,87.76,79.3,90.6,68.58,82.13
71.0,bert-large-uncased,0,_concat_mean_5_tokens_exclude_cls_and_sep-8,1,24,76.52,78.23,93.9,68.77,50.08,88.4,64.81,74.38714285714286
72.0,bert-large-uncased,0,_cls-9,1,24,71.94,73.51,92.23,84.41,76.22,75.4,67.13,77.26285714285714
73.0,bert-large-uncased,0,_mean-9,1,24,75.81,76.5,93.49,87.31,81.6,84.0,73.22,81.70428571428572
74.0,bert-large-uncased,0,_mean_exclude_cls_sep-9,1,24,75.71,77.88,93.32,88.28,81.71,83.8,73.28,81.99714285714285
75.0,bert-large-uncased,0,_concat_cls_with_mean-9,1,24,75.66,75.34,93.82,87.76,82.21,88.0,72.93,82.24571428571429
76.0,bert-large-uncased,0,_concat_cls_with_mean_exclude_cls_sep-9,1,24,75.82,76.61,93.9,88.09,82.1,87.8,72.93,82.46428571428571
77.0,bert-large-uncased,0,_concat_mean_3_tokens-9,1,24,76.7,78.67,94.26,88.1,79.08,89.2,68.81,82.11714285714285
78.0,bert-large-uncased,0,_concat_mean_3_tokens_exclude_cls_and_sep-9,1,24,76.56,79.44,94.17,87.88,79.85,88.8,68.99,82.24142857142856
79.0,bert-large-uncased,0,_concat_mean_5_tokens-9,1,24,77.29,79.07,94.27,87.61,79.46,91.2,67.94,82.40571428571427
80.0,bert-large-uncased,0,_concat_mean_5_tokens_exclude_cls_and_sep-9,1,24,77.03,78.76,94.19,68.77,50.08,89.4,66.2,74.91857142857144
81.0,bert-large-uncased,0,_cls-10,1,24,72.46,72.24,92.68,84.03,77.48,70.8,69.16,76.97857142857143
82.0,bert-large-uncased,0,_mean-10,1,24,76.54,76.95,92.93,87.05,82.54,85.8,73.39,82.17142857142858
83.0,bert-large-uncased,0,_mean_exclude_cls_sep-10,1,24,76.05,77.33,93.17,88.12,81.33,84.6,73.86,82.0657142857143
84.0,bert-large-uncased,0,_concat_cls_with_mean-10,1,24,76.3,77.77,93.67,87.36,81.77,86.8,73.22,82.41285714285713
85.0,bert-large-uncased,0,_concat_cls_with_mean_exclude_cls_sep-10,1,24,76.55,77.01,93.93,88.54,81.88,86.4,73.51,82.5457142857143
86.0,bert-large-uncased,0,_concat_mean_3_tokens-10,1,24,76.61,78.44,94.02,87.69,78.2,89.8,68.23,81.85571428571428
87.0,bert-large-uncased,0,_concat_mean_3_tokens_exclude_cls_and_sep-10,1,24,76.69,78.04,94.07,87.98,77.98,89.0,67.88,81.66285714285716
88.0,bert-large-uncased,0,_concat_mean_5_tokens-10,1,24,76.99,78.73,93.81,87.37,77.98,88.8,66.67,81.47857142857143
89.0,bert-large-uncased,0,_concat_mean_5_tokens_exclude_cls_and_sep-10,1,24,76.72,78.15,93.85,68.77,50.08,91.8,67.48,75.26428571428572
90.0,bert-large-uncased,0,_cls-11,1,24,72.12,73.62,92.32,83.77,76.99,68.6,66.55,76.28142857142856
91.0,bert-large-uncased,0,_mean-11,1,24,76.06,77.78,93.18,87.44,81.99,86.2,73.57,82.31714285714285
92.0,bert-large-uncased,0,_mean_exclude_cls_sep-11,1,24,76.19,78.09,93.18,88.23,81.71,88.0,71.65,82.43571428571428
93.0,bert-large-uncased,0,_concat_cls_with_mean-11,1,24,76.24,75.84,93.8,87.52,81.71,80.8,72.64,81.22142857142856
94.0,bert-large-uncased,0,_concat_cls_with_mean_exclude_cls_sep-11,1,24,76.15,77.96,93.6,88.25,82.04,82.6,72.75,81.90714285714286
95.0,bert-large-uncased,0,_concat_mean_3_tokens-11,1,24,76.76,78.7,93.9,87.48,79.41,90.2,68.23,82.09714285714286
96.0,bert-large-uncased,0,_concat_mean_3_tokens_exclude_cls_and_sep-11,1,24,77.39,78.76,94.12,88.25,77.87,90.8,68.06,82.17857142857143
97.0,bert-large-uncased,0,_concat_mean_5_tokens-11,1,24,77.47,78.44,94.11,87.6,77.92,91.0,69.57,82.30142857142857
98.0,bert-large-uncased,0,_concat_mean_5_tokens_exclude_cls_and_sep-11,1,24,77.0,79.1,93.69,68.77,50.08,89.4,66.78,74.9742857142857
99.0,bert-large-uncased,0,_cls-12,1,24,71.99,72.85,92.86,84.22,78.58,78.2,66.49,77.88428571428571
100.0,bert-large-uncased,0,_mean-12,1,24,76.82,75.95,93.19,87.22,82.54,88.4,73.39,82.50142857142858
101.0,bert-large-uncased,0,_mean_exclude_cls_sep-12,1,24,76.85,78.09,93.42,88.14,81.93,86.8,72.06,82.47
102.0,bert-large-uncased,0,_concat_cls_with_mean-12,1,24,76.69,74.83,94.23,86.88,82.81,89.8,72.7,82.56285714285715
103.0,bert-large-uncased,0,_concat_cls_with_mean_exclude_cls_sep-12,1,24,75.91,75.57,93.98,87.71,82.15,90.0,72.58,82.55714285714285
104.0,bert-large-uncased,0,_concat_mean_3_tokens-12,1,24,76.93,78.84,94.01,87.78,79.08,90.2,68.06,82.12857142857145
105.0,bert-large-uncased,0,_concat_mean_3_tokens_exclude_cls_and_sep-12,1,24,76.81,79.21,94.14,87.83,78.91,91.0,67.54,82.20571428571428
106.0,bert-large-uncased,0,_concat_mean_5_tokens-12,1,24,77.34,79.52,94.09,87.22,78.69,90.2,67.19,82.03571428571429
107.0,bert-large-uncased,0,_concat_mean_5_tokens_exclude_cls_and_sep-12,1,24,76.56,78.54,93.7,68.77,50.08,90.2,62.38,74.31857142857143
108.0,bert-large-uncased,0,_cls-13,1,24,73.24,73.04,92.53,84.92,79.24,75.4,66.49,77.83714285714287
109.0,bert-large-uncased,0,_mean-13,1,24,77.3,77.43,93.48,87.26,82.59,86.8,73.22,82.58285714285715
110.0,bert-large-uncased,0,_mean_exclude_cls_sep-13,1,24,77.51,77.75,93.43,87.66,82.92,91.6,73.28,83.45
111.0,bert-large-uncased,0,_concat_cls_with_mean-13,1,24,76.49,78.68,94.38,87.66,81.88,89.8,73.22,83.15857142857143
112.0,bert-large-uncased,0,_concat_cls_with_mean_exclude_cls_sep-13,1,24,76.41,79.28,94.34,88.37,81.82,90.8,73.28,83.47142857142856
113.0,bert-large-uncased,0,_concat_mean_3_tokens-13,1,24,77.23,79.92,94.25,87.77,80.72,92.2,68.46,82.9357142857143
114.0,bert-large-uncased,0,_concat_mean_3_tokens_exclude_cls_and_sep-13,1,24,77.21,79.66,94.25,87.98,80.18,91.6,68.46,82.76285714285714
115.0,bert-large-uncased,0,_concat_mean_5_tokens-13,1,24,77.78,80.24,94.35,87.03,79.9,92.8,67.94,82.86285714285714
116.0,bert-large-uncased,0,_concat_mean_5_tokens_exclude_cls_and_sep-13,1,24,76.82,79.44,94.1,68.77,50.08,92.8,63.71,75.10285714285715
117.0,bert-large-uncased,0,_cls-14,1,24,76.38,75.47,94.37,86.0,81.71,78.8,69.22,80.27857142857144
118.0,bert-large-uncased,0,_mean-14,1,24,78.7,80.08,93.87,87.18,83.36,91.8,70.09,83.58285714285715
119.0,bert-large-uncased,0,_mean_exclude_cls_sep-14,1,24,78.54,80.26,93.79,87.86,83.31,92.4,70.32,83.78285714285714
120.0,bert-large-uncased,0,_concat_cls_with_mean-14,1,24,78.97,79.95,94.99,87.31,84.62,92.8,73.68,84.61714285714285
121.0,bert-large-uncased,0,_concat_cls_with_mean_exclude_cls_sep-14,1,24,78.74,80.53,94.9,88.06,84.07,93.0,73.74,84.72
122.0,bert-large-uncased,0,_concat_mean_3_tokens-14,1,24,78.79,81.3,94.41,87.89,80.07,93.4,69.04,83.55714285714285
123.0,bert-large-uncased,0,_concat_mean_3_tokens_exclude_cls_and_sep-14,1,24,78.83,80.71,94.41,87.7,80.78,93.6,68.75,83.53999999999999
124.0,bert-large-uncased,0,_concat_mean_5_tokens-14,1,24,78.97,81.17,94.97,87.2,79.96,95.4,66.9,83.50999999999999
125.0,bert-large-uncased,0,_concat_mean_5_tokens_exclude_cls_and_sep-14,1,24,78.83,81.43,94.8,68.77,50.08,93.8,64.99,76.1
126.0,bert-large-uncased,0,_cls-15,1,24,77.73,79.52,94.09,85.53,83.09,88.2,72.0,82.88000000000001
127.0,bert-large-uncased,0,_mean-15,1,24,79.2,79.79,94.44,87.25,84.51,92.2,75.19,84.6542857142857
128.0,bert-large-uncased,0,_mean_exclude_cls_sep-15,1,24,79.32,80.19,94.4,87.99,84.29,93.2,74.32,84.8157142857143
129.0,bert-large-uncased,0,_concat_cls_with_mean-15,1,24,79.9,81.88,94.99,87.42,84.84,92.8,75.42,85.32142857142856
130.0,bert-large-uncased,0,_concat_cls_with_mean_exclude_cls_sep-15,1,24,79.84,82.7,95.2,88.28,85.06,93.0,73.91,85.42714285714284
131.0,bert-large-uncased,0,_concat_mean_3_tokens-15,1,24,79.57,83.08,95.06,87.36,82.1,94.8,68.41,84.33999999999999
132.0,bert-large-uncased,0,_concat_mean_3_tokens_exclude_cls_and_sep-15,1,24,79.29,82.52,94.95,87.7,82.43,93.4,70.14,84.34714285714286
133.0,bert-large-uncased,0,_concat_mean_5_tokens-15,1,24,78.98,82.02,94.79,87.53,81.88,95.0,65.57,83.68142857142857
134.0,bert-large-uncased,0,_concat_mean_5_tokens_exclude_cls_and_sep-15,1,24,79.39,83.34,94.7,68.77,50.08,94.6,64.99,76.55285714285715
135.0,bert-large-uncased,0,_cls-16,1,24,79.99,81.14,94.33,85.48,85.17,89.0,71.59,83.81428571428572
136.0,bert-large-uncased,0,_mean-16,1,24,80.88,84.64,94.73,87.42,86.44,91.0,73.91,85.57428571428571
137.0,bert-large-uncased,0,_mean_exclude_cls_sep-16,1,24,81.01,84.34,94.73,88.37,86.44,92.0,73.16,85.72142857142858
138.0,bert-large-uncased,0,_concat_cls_with_mean-16,1,24,82.47,84.85,95.18,87.61,87.53,93.4,74.49,86.50428571428571
139.0,bert-large-uncased,0,_concat_cls_with_mean_exclude_cls_sep-16,1,24,82.25,84.56,95.3,88.23,87.37,94.0,74.32,86.57571428571428
140.0,bert-large-uncased,0,_concat_mean_3_tokens-16,1,24,80.12,85.48,95.16,88.2,84.35,94.0,68.06,85.05285714285712
141.0,bert-large-uncased,0,_concat_mean_3_tokens_exclude_cls_and_sep-16,1,24,80.15,84.64,95.14,88.13,83.75,93.8,68.0,84.80142857142857
142.0,bert-large-uncased,0,_concat_mean_5_tokens-16,1,24,81.15,84.11,95.17,87.42,84.02,93.8,68.41,84.86857142857141
143.0,bert-large-uncased,0,_concat_mean_5_tokens_exclude_cls_and_sep-16,1,24,80.75,85.53,95.04,68.77,50.08,94.4,67.88,77.49285714285713
144.0,bert-large-uncased,0,_cls-17,1,24,83.49,86.25,94.46,86.13,87.48,89.0,71.77,85.51142857142857
145.0,bert-large-uncased,0,_mean-17,1,24,83.13,87.02,94.84,87.19,88.03,91.4,74.09,86.52857142857144
146.0,bert-large-uncased,0,_mean_exclude_cls_sep-17,1,24,82.34,86.83,94.82,87.88,87.75,92.6,74.03,86.60714285714286
147.0,bert-large-uncased,0,_concat_cls_with_mean-17,1,24,83.94,87.95,95.0,87.24,89.73,92.8,71.59,86.89285714285714
148.0,bert-large-uncased,0,_concat_cls_with_mean_exclude_cls_sep-17,1,24,84.05,88.24,95.41,88.22,89.62,93.4,74.96,87.7
149.0,bert-large-uncased,0,_concat_mean_3_tokens-17,1,24,83.49,87.92,95.38,88.32,85.94,95.2,68.64,86.41285714285713
150.0,bert-large-uncased,0,_concat_mean_3_tokens_exclude_cls_and_sep-17,1,24,83.27,87.26,95.25,88.27,85.94,92.0,67.25,85.60571428571428
151.0,bert-large-uncased,0,_concat_mean_5_tokens-17,1,24,83.45,87.84,95.55,87.58,85.83,94.2,69.1,86.22142857142858
152.0,bert-large-uncased,0,_concat_mean_5_tokens_exclude_cls_and_sep-17,1,24,83.14,87.2,95.41,68.77,50.08,95.0,65.22,77.83142857142856
153.0,bert-large-uncased,0,_cls-18,1,24,84.24,85.62,94.87,86.56,88.58,90.6,72.06,86.07571428571428
154.0,bert-large-uncased,0,_mean-18,1,24,83.42,87.74,95.28,87.03,89.07,90.2,74.78,86.78857142857143
155.0,bert-large-uncased,0,_mean_exclude_cls_sep-18,1,24,83.34,86.89,95.24,87.71,89.13,92.2,75.48,87.14142857142858
156.0,bert-large-uncased,0,_concat_cls_with_mean-18,1,24,84.86,88.11,95.44,87.94,90.61,94.2,75.13,88.04142857142857
157.0,bert-large-uncased,0,_concat_cls_with_mean_exclude_cls_sep-18,1,24,84.89,87.97,95.48,88.38,90.28,93.6,75.36,87.99428571428572
158.0,bert-large-uncased,0,_concat_mean_3_tokens-18,1,24,84.18,88.32,95.82,88.25,87.81,94.0,67.25,86.51857142857143
159.0,bert-large-uncased,0,_concat_mean_3_tokens_exclude_cls_and_sep-18,1,24,83.87,87.92,95.72,88.47,87.37,93.8,67.01,86.30857142857143
160.0,bert-large-uncased,0,_concat_mean_5_tokens-18,1,24,83.81,87.66,95.68,87.45,87.15,94.8,68.17,86.38857142857141
161.0,bert-large-uncased,0,_concat_mean_5_tokens_exclude_cls_and_sep-18,1,24,83.73,88.0,95.45,68.77,50.08,94.4,64.81,77.89142857142858
162.0,bert-large-uncased,0,_cls-19,1,24,84.37,87.15,94.57,85.54,88.19,88.6,70.32,85.53428571428572
163.0,bert-large-uncased,0,_mean-19,1,24,83.43,87.5,95.32,87.36,89.79,91.0,75.19,87.08428571428574
164.0,bert-large-uncased,0,_mean_exclude_cls_sep-19,1,24,83.46,88.42,94.89,87.85,89.46,89.6,75.54,87.03142857142856
165.0,bert-large-uncased,0,_concat_cls_with_mean-19,1,24,85.29,87.23,95.25,87.36,90.94,91.6,75.36,87.57571428571428
166.0,bert-large-uncased,0,_concat_cls_with_mean_exclude_cls_sep-19,1,24,85.42,86.2,95.35,88.3,90.94,93.4,75.25,87.83714285714287
167.0,bert-large-uncased,0,_concat_mean_3_tokens-19,1,24,84.16,88.69,95.57,87.91,88.25,94.2,69.74,86.93142857142857
168.0,bert-large-uncased,0,_concat_mean_3_tokens_exclude_cls_and_sep-19,1,24,83.99,89.19,95.57,88.07,87.48,94.6,68.93,86.83285714285714
169.0,bert-large-uncased,0,_concat_mean_5_tokens-19,1,24,84.13,88.48,95.69,87.57,88.08,93.8,69.68,86.7757142857143
170.0,bert-large-uncased,0,_concat_mean_5_tokens_exclude_cls_and_sep-19,1,24,83.82,88.77,95.31,68.77,50.08,94.6,65.86,78.17285714285713
171.0,bert-large-uncased,0,_cls-20,1,24,85.16,88.13,95.25,86.6,90.17,91.0,73.91,87.1742857142857
172.0,bert-large-uncased,0,_mean-20,1,24,84.15,88.79,95.43,86.9,90.28,90.8,74.61,87.27999999999999
173.0,bert-large-uncased,0,_mean_exclude_cls_sep-20,1,24,83.96,88.19,95.17,88.12,89.51,92.0,74.55,87.35714285714286
174.0,bert-large-uncased,0,_concat_cls_with_mean-20,1,24,85.64,88.61,96.02,87.09,91.38,93.0,75.13,88.12428571428572
175.0,bert-large-uncased,0,_concat_cls_with_mean_exclude_cls_sep-20,1,24,85.99,88.79,95.99,88.28,91.16,93.8,75.01,88.43142857142855
176.0,bert-large-uncased,0,_concat_mean_3_tokens-20,1,24,84.42,89.4,95.17,88.03,88.14,93.2,71.07,87.06142857142858
177.0,bert-large-uncased,0,_concat_mean_3_tokens_exclude_cls_and_sep-20,1,24,84.38,89.03,95.31,87.89,88.14,94.4,70.55,87.1
178.0,bert-large-uncased,0,_concat_mean_5_tokens-20,1,24,84.34,89.19,95.74,87.55,88.69,93.8,68.12,86.77571428571427
179.0,bert-large-uncased,0,_concat_mean_5_tokens_exclude_cls_and_sep-20,1,24,84.19,88.98,95.67,68.77,50.08,94.6,69.28,78.79571428571428
180.0,bert-large-uncased,0,_cls-21,1,24,85.54,88.11,95.81,85.96,90.5,88.2,73.22,86.76285714285714
181.0,bert-large-uncased,0,_mean-21,1,24,83.45,87.52,94.61,86.24,90.01,89.0,73.04,86.26714285714284
182.0,bert-large-uncased,0,_mean_exclude_cls_sep-21,1,24,83.17,87.66,94.63,87.1,89.4,87.2,74.32,86.21142857142857
183.0,bert-large-uncased,0,_concat_cls_with_mean-21,1,24,85.9,88.77,96.0,86.64,91.21,91.4,73.97,87.69857142857143
184.0,bert-large-uncased,0,_concat_cls_with_mean_exclude_cls_sep-21,1,24,85.94,88.74,96.19,87.35,91.43,92.0,74.09,87.96285714285716
185.0,bert-large-uncased,0,_concat_mean_3_tokens-21,1,24,84.74,89.59,95.19,87.38,88.36,93.4,70.72,87.05428571428571
186.0,bert-large-uncased,0,_concat_mean_3_tokens_exclude_cls_and_sep-21,1,24,84.06,89.03,95.09,87.56,87.53,93.0,70.03,86.61428571428571
187.0,bert-large-uncased,0,_concat_mean_5_tokens-21,1,24,84.5,89.3,95.53,86.53,87.81,93.6,69.28,86.64999999999999
188.0,bert-large-uncased,0,_concat_mean_5_tokens_exclude_cls_and_sep-21,1,24,84.04,88.4,95.34,68.77,50.08,94.6,68.58,78.5442857142857
189.0,bert-large-uncased,0,_cls-22,1,24,85.68,87.92,95.98,85.65,91.1,88.2,73.1,86.80428571428573
190.0,bert-large-uncased,0,_mean-22,1,24,83.2,87.89,95.01,86.19,90.01,86.8,72.81,85.98714285714287
191.0,bert-large-uncased,0,_mean_exclude_cls_sep-22,1,24,83.02,86.97,94.99,86.92,88.47,86.4,72.41,85.59714285714286
192.0,bert-large-uncased,0,_concat_cls_with_mean-22,1,24,85.97,89.19,96.09,86.58,91.21,90.6,72.64,87.46857142857142
193.0,bert-large-uncased,0,_concat_cls_with_mean_exclude_cls_sep-22,1,24,86.14,89.69,95.81,87.35,91.76,90.6,74.09,87.92
194.0,bert-large-uncased,0,_concat_mean_3_tokens-22,1,24,84.59,89.3,95.21,87.29,88.03,93.8,70.26,86.92571428571428
195.0,bert-large-uncased,0,_concat_mean_3_tokens_exclude_cls_and_sep-22,1,24,84.05,88.64,95.29,87.18,87.42,93.0,68.99,86.36714285714287
196.0,bert-large-uncased,0,_concat_mean_5_tokens-22,1,24,84.82,89.4,95.48,87.36,88.3,92.8,67.48,86.52
197.0,bert-large-uncased,0,_concat_mean_5_tokens_exclude_cls_and_sep-22,1,24,83.87,88.37,95.72,68.77,50.08,93.6,67.25,78.23714285714286
198.0,bert-large-uncased,0,_cls-23,1,24,85.54,88.9,95.79,85.6,90.77,90.4,69.45,86.63571428571429
199.0,bert-large-uncased,0,_mean-23,1,24,82.77,87.55,94.79,86.09,89.51,85.8,71.77,85.46857142857142
200.0,bert-large-uncased,0,_mean_exclude_cls_sep-23,1,24,82.53,86.57,94.86,86.72,88.36,87.6,71.54,85.4542857142857
201.0,bert-large-uncased,0,_concat_cls_with_mean-23,1,24,86.11,89.75,95.9,86.26,91.32,91.8,71.71,87.55
202.0,bert-large-uncased,0,_concat_cls_with_mean_exclude_cls_sep-23,1,24,86.19,89.78,95.78,87.06,91.65,91.8,71.94,87.74285714285715
203.0,bert-large-uncased,0,_concat_mean_3_tokens-23,1,24,84.17,89.19,95.54,87.11,87.86,92.4,69.97,86.6057142857143
204.0,bert-large-uncased,0,_concat_mean_3_tokens_exclude_cls_and_sep-23,1,24,83.33,87.23,95.18,87.29,87.31,92.6,67.71,85.80714285714286
205.0,bert-large-uncased,0,_concat_mean_5_tokens-23,1,24,84.5,89.38,95.67,87.35,88.25,93.4,67.48,86.57571428571428
206.0,bert-large-uncased,0,_concat_mean_5_tokens_exclude_cls_and_sep-23,1,24,83.38,88.08,95.57,68.77,50.08,94.4,66.43,78.10142857142857
207.0,bert-large-uncased,0,_cls-24,1,24,85.27,86.49,94.96,84.64,90.72,85.4,69.91,85.34142857142855
208.0,bert-large-uncased,0,_mean-24,1,24,82.42,85.88,94.53,84.81,89.02,81.0,72.75,84.34428571428573
209.0,bert-large-uncased,0,_mean_exclude_cls_sep-24,1,24,82.1,84.95,94.38,85.59,88.91,81.2,72.29,84.20285714285714
210.0,bert-large-uncased,0,_concat_cls_with_mean-24,1,24,85.81,88.87,95.62,85.69,91.16,90.2,73.39,87.24857142857142
211.0,bert-large-uncased,0,_concat_cls_with_mean_exclude_cls_sep-24,1,24,85.6,88.87,95.39,86.49,90.99,90.0,68.93,86.61
212.0,bert-large-uncased,0,_concat_mean_3_tokens-24,1,24,83.43,88.4,94.43,86.58,88.63,88.8,69.33,85.65714285714286
213.0,bert-large-uncased,0,_concat_mean_3_tokens_exclude_cls_and_sep-24,1,24,82.55,86.73,94.57,86.54,87.1,85.0,68.0,84.35571428571428
214.0,bert-large-uncased,0,_concat_mean_5_tokens-24,1,24,83.45,87.68,94.98,86.88,88.14,91.2,67.88,85.74428571428572
215.0,bert-large-uncased,0,_concat_mean_5_tokens_exclude_cls_and_sep-24,1,24,82.75,86.62,95.14,68.77,50.08,92.8,67.54,77.67142857142856
216.0,bert-large-uncased,0,cls_last4,1,24,84.83,88.4,95.88,85.61,91.05,91.0,67.42,86.31285714285714
217.0,bert-large-uncased,0,mean_last4,1,24,83.77,88.61,95.26,86.47,89.73,88.6,71.3,86.24857142857142
218.0,bert-large-uncased,0,mean_exclude_cls_sep_last4,1,24,83.91,87.52,95.22,86.64,89.29,91.8,71.25,86.51857142857143
219.0,bert-large-uncased,0,concat_cls_with_mean_last4,1,24,85.5,89.56,95.9,86.94,91.54,92.8,68.64,87.26857142857143
220.0,bert-large-uncased,0,concat_cls_with_mean_exclude_cls_sep_last4,1,24,85.71,89.54,96.08,87.39,91.65,91.8,68.35,87.21714285714286
221.0,bert-large-uncased,0,concat_mean_3_tokens_last4,1,24,84.34,88.88,95.3,87.25,87.86,93.4,67.88,86.41571428571429
222.0,bert-large-uncased,0,concat_mean_3_tokens_exclude_cls_and_sep_last4,1,24,83.61,88.45,95.14,86.78,87.48,94.8,67.83,86.29857142857144
223.0,bert-large-uncased,0,concat_mean_5_tokens_last4,1,24,84.36,88.69,95.48,86.33,88.47,92.6,66.55,86.06857142857143
224.0,bert-large-uncased,0,concat_mean_5_tokens_exclude_cls_and_sep_last4,1,24,83.43,87.79,95.57,68.77,50.08,93.6,68.29,78.21857142857142
225.0,bert-large-uncased,0,cls_sumall,1,24,82.54,86.17,95.19,86.26,90.12,85.0,65.57,84.40714285714284
226.0,bert-large-uncased,0,mean_sumall,1,24,82.83,85.75,94.81,87.62,88.25,92.6,68.99,85.83571428571429
227.0,bert-large-uncased,0,mean_exclude_cls_sep_sumall,1,24,82.36,85.72,94.47,86.86,86.77,90.2,70.32,85.24285714285715
228.0,bert-large-uncased,0,concat_cls_with_mean_sumall,1,24,84.41,88.34,95.33,87.06,90.66,92.4,69.22,86.77428571428571
229.0,bert-large-uncased,0,concat_cls_with_mean_exclude_cls_sep_sumall,1,24,83.83,87.87,95.34,86.85,90.77,91.8,69.16,86.51714285714284
230.0,bert-large-uncased,0,concat_mean_3_tokens_sumall,1,24,81.57,85.22,94.89,87.46,85.56,92.6,68.23,85.07571428571428
231.0,bert-large-uncased,0,concat_mean_3_tokens_exclude_cls_and_sep_sumall,1,24,81.4,84.4,94.66,86.93,84.9,91.6,68.93,84.68857142857145
232.0,bert-large-uncased,0,concat_mean_5_tokens_sumall,1,24,80.19,85.54,94.79,85.99,84.62,92.4,67.54,84.43857142857144
233.0,bert-large-uncased,0,concat_mean_5_tokens_exclude_cls_and_sep_sumall,1,24,79.18,83.02,94.67,68.77,50.08,90.6,65.33,75.95
234.0,roberta-large,0,_cls-1,1,24,59.9,63.76,69.93,68.77,69.74,43.0,66.49,63.08428571428572
235.0,roberta-large,0,_mean-1,1,24,74.64,77.41,90.29,85.63,81.44,79.4,66.49,79.32857142857144
236.0,roberta-large,0,_mean_exclude_cls_sep-1,1,24,74.38,77.38,90.45,85.91,81.05,81.8,66.49,79.63714285714286
237.0,roberta-large,0,_concat_cls_with_mean-1,1,24,74.74,73.59,90.0,85.66,80.62,78.4,71.13,79.16285714285713
238.0,roberta-large,0,_concat_cls_with_mean_exclude_cls_sep-1,1,24,74.33,75.02,90.09,86.57,80.4,82.6,70.32,79.9042857142857
239.0,roberta-large,0,_concat_mean_3_tokens-1,1,24,75.57,78.17,91.39,87.07,81.22,84.8,66.96,80.74
240.0,roberta-large,0,_concat_mean_3_tokens_exclude_cls_and_sep-1,1,24,75.95,78.09,91.45,86.47,80.01,83.4,64.93,80.04285714285713
241.0,roberta-large,0,_concat_mean_5_tokens-1,1,24,75.2,78.91,91.35,86.34,78.58,84.0,69.16,80.50571428571428
242.0,roberta-large,0,_concat_mean_5_tokens_exclude_cls_and_sep-1,1,24,75.6,77.22,91.58,68.77,78.8,85.6,65.51,77.58285714285714
243.0,roberta-large,0,_cls-2,1,24,67.92,63.76,84.69,68.77,74.68,50.8,66.49,68.15857142857143
244.0,roberta-large,0,_mean-2,1,24,74.12,76.85,90.38,85.88,81.71,82.0,71.54,80.35428571428572
245.0,roberta-large,0,_mean_exclude_cls_sep-2,1,24,74.38,77.7,90.39,86.09,81.82,84.2,70.72,80.75714285714285
246.0,roberta-large,0,_concat_cls_with_mean-2,1,24,74.16,72.98,90.09,85.81,81.11,79.4,70.49,79.14857142857143
247.0,roberta-large,0,_concat_cls_with_mean_exclude_cls_sep-2,1,24,74.13,73.54,90.32,86.33,80.89,81.0,70.96,79.59571428571428
248.0,roberta-large,0,_concat_mean_3_tokens-2,1,24,75.87,76.69,91.01,87.22,81.11,85.0,67.13,80.57571428571428
249.0,roberta-large,0,_concat_mean_3_tokens_exclude_cls_and_sep-2,1,24,75.72,77.11,90.9,86.34,80.51,84.4,66.49,80.21000000000001
250.0,roberta-large,0,_concat_mean_5_tokens-2,1,24,74.3,78.59,91.5,86.4,80.07,84.4,67.71,80.42428571428572
251.0,roberta-large,0,_concat_mean_5_tokens_exclude_cls_and_sep-2,1,24,75.46,77.51,91.8,68.77,78.8,85.4,65.33,77.58142857142857
252.0,roberta-large,0,_cls-3,1,24,67.01,63.76,82.96,68.77,73.48,40.6,66.49,66.15285714285714
253.0,roberta-large,0,_mean-3,1,24,73.89,76.37,90.67,86.26,82.48,83.0,66.49,79.88
254.0,roberta-large,0,_mean_exclude_cls_sep-3,1,24,75.33,77.09,90.47,86.37,81.27,85.8,71.59,81.13142857142857
255.0,roberta-large,0,_concat_cls_with_mean-3,1,24,74.46,75.26,90.48,86.06,81.88,77.6,72.06,79.68571428571428
256.0,roberta-large,0,_concat_cls_with_mean_exclude_cls_sep-3,1,24,74.65,75.36,90.71,86.63,82.7,85.8,70.9,80.96428571428571
257.0,roberta-large,0,_concat_mean_3_tokens-3,1,24,76.22,76.98,91.54,87.45,81.22,86.0,66.43,80.8342857142857
258.0,roberta-large,0,_concat_mean_3_tokens_exclude_cls_and_sep-3,1,24,75.69,78.07,91.72,86.57,80.83,83.6,66.43,80.41571428571426
259.0,roberta-large,0,_concat_mean_5_tokens-3,1,24,75.77,76.4,92.19,86.63,80.51,86.2,67.3,80.71428571428571
260.0,roberta-large,0,_concat_mean_5_tokens_exclude_cls_and_sep-3,1,24,76.26,77.62,92.06,68.77,80.07,86.6,68.99,78.62428571428572
261.0,roberta-large,0,_cls-4,1,24,64.82,63.76,81.75,68.77,72.54,39.6,66.49,65.39
262.0,roberta-large,0,_mean-4,1,24,76.4,77.78,90.94,86.78,83.86,87.6,72.58,82.27714285714286
263.0,roberta-large,0,_mean_exclude_cls_sep-4,1,24,76.58,78.31,91.12,87.35,83.09,87.8,72.35,82.37142857142858
264.0,roberta-large,0,_concat_cls_with_mean-4,1,24,76.22,75.42,91.09,87.29,82.1,85.6,68.12,80.83428571428571
265.0,roberta-large,0,_concat_cls_with_mean_exclude_cls_sep-4,1,24,76.32,74.97,91.16,87.84,82.87,87.4,70.26,81.54571428571428
266.0,roberta-large,0,_concat_mean_3_tokens-4,1,24,76.91,79.68,92.5,88.18,82.32,87.2,67.01,81.97142857142856
267.0,roberta-large,0,_concat_mean_3_tokens_exclude_cls_and_sep-4,1,24,77.73,77.77,92.56,87.01,81.71,86.4,66.78,81.42285714285713
268.0,roberta-large,0,_concat_mean_5_tokens-4,1,24,76.98,78.09,92.66,87.39,81.49,86.0,65.45,81.15142857142858
269.0,roberta-large,0,_concat_mean_5_tokens_exclude_cls_and_sep-4,1,24,77.15,78.23,92.4,68.77,80.12,87.8,66.49,78.70857142857143
270.0,roberta-large,0,_cls-5,1,24,68.45,65.09,86.8,68.77,76.88,44.0,66.14,68.01857142857143
271.0,roberta-large,0,_mean-5,1,24,78.06,79.76,91.71,87.96,84.68,88.8,71.71,83.24
272.0,roberta-large,0,_mean_exclude_cls_sep-5,1,24,78.01,79.87,91.75,88.24,84.35,88.0,71.42,83.09142857142857
273.0,roberta-large,0,_concat_cls_with_mean-5,1,24,77.58,76.0,92.06,88.12,84.62,90.2,71.59,82.88142857142857
274.0,roberta-large,0,_concat_cls_with_mean_exclude_cls_sep-5,1,24,77.98,75.89,92.19,88.26,84.51,88.4,71.77,82.71428571428571
275.0,roberta-large,0,_concat_mean_3_tokens-5,1,24,78.94,78.99,92.9,88.39,83.09,88.4,68.29,82.71428571428571
276.0,roberta-large,0,_concat_mean_3_tokens_exclude_cls_and_sep-5,1,24,79.01,80.53,92.75,87.62,83.31,87.8,68.17,82.74142857142859
277.0,roberta-large,0,_concat_mean_5_tokens-5,1,24,78.32,80.27,93.34,88.05,82.54,87.6,67.25,82.48142857142857
278.0,roberta-large,0,_concat_mean_5_tokens_exclude_cls_and_sep-5,1,24,77.64,79.84,93.4,68.77,82.26,89.2,65.57,79.5257142857143
279.0,roberta-large,0,_cls-6,1,24,68.06,63.84,84.22,68.77,76.0,40.2,66.43,66.78857142857143
280.0,roberta-large,0,_mean-6,1,24,78.18,80.74,92.4,87.46,84.4,89.8,72.87,83.69285714285715
281.0,roberta-large,0,_mean_exclude_cls_sep-6,1,24,78.77,80.47,92.58,88.37,84.95,89.2,72.87,83.88714285714286
282.0,roberta-large,0,_concat_cls_with_mean-6,1,24,79.13,79.23,92.62,88.05,83.91,89.0,69.57,83.07285714285715
283.0,roberta-large,0,_concat_cls_with_mean_exclude_cls_sep-6,1,24,79.29,78.91,93.0,88.71,84.84,89.2,69.16,83.30142857142857
284.0,roberta-large,0,_concat_mean_3_tokens-6,1,24,79.92,80.82,93.49,88.83,82.48,87.8,69.39,83.24714285714286
285.0,roberta-large,0,_concat_mean_3_tokens_exclude_cls_and_sep-6,1,24,79.95,80.61,93.31,88.08,83.31,87.8,69.22,83.18285714285715
286.0,roberta-large,0,_concat_mean_5_tokens-6,1,24,79.68,81.83,93.3,87.88,82.32,90.0,69.04,83.43571428571428
287.0,roberta-large,0,_concat_mean_5_tokens_exclude_cls_and_sep-6,1,24,79.16,81.51,93.88,68.77,82.92,90.6,66.32,80.45142857142858
288.0,roberta-large,0,_cls-7,1,24,68.07,63.76,87.58,68.77,76.94,41.8,66.49,67.63
289.0,roberta-large,0,_mean-7,1,24,79.56,81.32,92.62,88.31,85.56,87.8,73.28,84.0642857142857
290.0,roberta-large,0,_mean_exclude_cls_sep-7,1,24,79.64,82.44,93.3,88.72,85.61,88.6,71.94,84.32142857142857
291.0,roberta-large,0,_concat_cls_with_mean-7,1,24,80.01,80.56,93.4,88.91,84.68,87.6,69.45,83.51571428571428
292.0,roberta-large,0,_concat_cls_with_mean_exclude_cls_sep-7,1,24,79.27,81.48,93.46,89.07,86.22,88.4,71.77,84.23857142857142
293.0,roberta-large,0,_concat_mean_3_tokens-7,1,24,79.75,83.21,93.86,89.56,84.35,88.0,69.1,83.97571428571429
294.0,roberta-large,0,_concat_mean_3_tokens_exclude_cls_and_sep-7,1,24,80.75,83.68,93.76,88.35,83.64,88.8,68.12,83.87142857142855
295.0,roberta-large,0,_concat_mean_5_tokens-7,1,24,80.12,82.86,94.34,88.6,83.53,88.4,68.35,83.74285714285715
296.0,roberta-large,0,_concat_mean_5_tokens_exclude_cls_and_sep-7,1,24,79.96,83.84,94.45,68.77,83.75,90.8,69.51,81.58285714285715
297.0,roberta-large,0,_cls-8,1,24,70.18,63.76,86.17,68.77,78.53,40.0,67.07,67.78285714285714
298.0,roberta-large,0,_mean-8,1,24,80.92,83.21,93.72,89.15,87.04,90.0,74.14,85.4542857142857
299.0,roberta-large,0,_mean_exclude_cls_sep-8,1,24,80.72,83.82,93.93,89.13,86.49,88.6,73.45,85.16285714285716
300.0,roberta-large,0,_concat_cls_with_mean-8,1,24,80.29,81.62,93.82,88.84,87.1,89.6,71.01,84.61142857142859
301.0,roberta-large,0,_concat_cls_with_mean_exclude_cls_sep-8,1,24,80.72,80.95,93.84,89.66,86.99,90.4,71.94,84.92857142857143
302.0,roberta-large,0,_concat_mean_3_tokens-8,1,24,81.74,83.12,94.57,89.69,84.68,89.2,67.88,84.41142857142857
303.0,roberta-large,0,_concat_mean_3_tokens_exclude_cls_and_sep-8,1,24,81.79,84.32,94.71,89.17,84.9,90.6,67.83,84.76
304.0,roberta-large,0,_concat_mean_5_tokens-8,1,24,81.37,84.56,94.86,89.22,85.89,89.2,67.25,84.62142857142858
305.0,roberta-large,0,_concat_mean_5_tokens_exclude_cls_and_sep-8,1,24,81.5,85.22,95.02,68.77,85.72,91.2,65.86,81.89857142857143
306.0,roberta-large,0,_cls-9,1,24,66.8,63.76,86.53,68.77,77.76,42.6,66.72,67.56285714285715
307.0,roberta-large,0,_mean-9,1,24,81.12,82.28,94.32,89.16,88.74,90.4,72.06,85.43999999999998
308.0,roberta-large,0,_mean_exclude_cls_sep-9,1,24,81.11,83.76,94.33,89.26,88.74,89.6,73.22,85.71714285714286
309.0,roberta-large,0,_concat_cls_with_mean-9,1,24,81.51,80.82,94.45,88.94,89.02,88.8,72.99,85.21857142857142
310.0,roberta-large,0,_concat_cls_with_mean_exclude_cls_sep-9,1,24,81.87,81.03,94.33,89.35,88.74,90.2,73.33,85.55000000000003
311.0,roberta-large,0,_concat_mean_3_tokens-9,1,24,82.44,84.32,95.15,89.7,86.93,89.0,68.0,85.07714285714285
312.0,roberta-large,0,_concat_mean_3_tokens_exclude_cls_and_sep-9,1,24,82.26,84.05,95.02,89.08,86.88,89.2,63.65,84.30571428571429
313.0,roberta-large,0,_concat_mean_5_tokens-9,1,24,81.97,84.13,95.34,88.92,86.88,89.4,67.19,84.83285714285714
314.0,roberta-large,0,_concat_mean_5_tokens_exclude_cls_and_sep-9,1,24,81.91,85.48,95.13,68.77,87.04,92.0,61.22,81.64999999999999
315.0,roberta-large,0,_cls-10,1,24,72.1,63.76,88.33,68.77,81.27,44.0,66.78,69.28714285714285
316.0,roberta-large,0,_mean-10,1,24,82.13,85.09,94.0,89.33,89.46,92.6,74.14,86.67857142857143
317.0,roberta-large,0,_mean_exclude_cls_sep-10,1,24,82.0,84.59,94.03,89.86,89.57,92.4,74.2,86.66428571428573
318.0,roberta-large,0,_concat_cls_with_mean-10,1,24,81.56,80.64,94.2,89.23,89.02,93.0,73.62,85.89571428571428
319.0,roberta-large,0,_concat_cls_with_mean_exclude_cls_sep-10,1,24,81.64,82.33,94.24,90.14,89.51,93.2,72.35,86.20142857142856
320.0,roberta-large,0,_concat_mean_3_tokens-10,1,24,83.18,85.93,94.99,90.16,87.42,90.2,68.81,85.81285714285715
321.0,roberta-large,0,_concat_mean_3_tokens_exclude_cls_and_sep-10,1,24,83.07,86.33,95.05,89.67,88.03,90.6,68.7,85.92142857142858
322.0,roberta-large,0,_concat_mean_5_tokens-10,1,24,83.18,86.6,95.26,89.43,88.03,91.0,64.0,85.35714285714286
323.0,roberta-large,0,_concat_mean_5_tokens_exclude_cls_and_sep-10,1,24,83.3,87.15,95.26,68.77,87.86,93.0,62.96,82.61428571428571
324.0,roberta-large,0,_cls-11,1,24,74.02,63.76,88.54,68.77,81.49,42.2,66.55,69.33285714285714
325.0,roberta-large,0,_mean-11,1,24,82.81,87.28,94.38,89.15,89.84,92.6,74.38,87.2057142857143
326.0,roberta-large,0,_mean_exclude_cls_sep-11,1,24,82.91,87.55,94.57,89.78,90.06,92.8,73.86,87.36142857142856
327.0,roberta-large,0,_concat_cls_with_mean-11,1,24,82.93,85.64,94.71,89.55,89.68,92.4,69.86,86.39571428571428
328.0,roberta-large,0,_concat_cls_with_mean_exclude_cls_sep-11,1,24,83.3,85.72,94.65,89.75,90.17,93.0,70.03,86.65999999999998
329.0,roberta-large,0,_concat_mean_3_tokens-11,1,24,84.19,86.7,95.24,90.23,89.02,91.0,68.0,86.34
330.0,roberta-large,0,_concat_mean_3_tokens_exclude_cls_and_sep-11,1,24,84.05,86.54,95.57,89.72,88.63,91.8,68.23,86.36285714285714
331.0,roberta-large,0,_concat_mean_5_tokens-11,1,24,83.28,88.61,95.7,89.71,88.69,91.4,67.42,86.40142857142857
332.0,roberta-large,0,_concat_mean_5_tokens_exclude_cls_and_sep-11,1,24,83.22,88.56,95.7,68.77,87.86,93.0,64.46,83.08142857142857
333.0,roberta-large,0,_cls-12,1,24,72.27,63.76,87.33,68.77,82.26,44.2,66.78,69.33857142857143
334.0,roberta-large,0,_mean-12,1,24,83.88,88.16,94.32,89.59,90.66,91.8,73.16,87.36714285714285
335.0,roberta-large,0,_mean_exclude_cls_sep-12,1,24,84.12,88.45,94.7,89.63,90.61,92.4,71.42,87.33285714285714
336.0,roberta-large,0,_concat_cls_with_mean-12,1,24,83.46,86.28,94.65,89.77,90.66,92.6,73.16,87.22571428571428
337.0,roberta-large,0,_concat_cls_with_mean_exclude_cls_sep-12,1,24,84.39,86.36,94.68,89.84,90.61,93.2,72.87,87.42142857142858
338.0,roberta-large,0,_concat_mean_3_tokens-12,1,24,84.18,88.8,95.8,90.29,89.73,92.8,68.23,87.11857142857143
339.0,roberta-large,0,_concat_mean_3_tokens_exclude_cls_and_sep-12,1,24,84.71,89.08,95.62,89.78,89.62,92.8,68.17,87.11142857142855
340.0,roberta-large,0,_concat_mean_5_tokens-12,1,24,84.69,88.64,96.09,89.85,89.73,91.6,67.59,86.88428571428572
341.0,roberta-large,0,_concat_mean_5_tokens_exclude_cls_and_sep-12,1,24,84.81,89.32,95.93,68.77,89.68,94.0,66.96,84.21000000000001
342.0,roberta-large,0,_cls-13,1,24,69.11,63.76,86.23,68.77,82.76,38.8,67.13,68.08
343.0,roberta-large,0,_mean-13,1,24,84.85,87.95,94.55,89.69,92.09,92.4,74.38,87.98714285714286
344.0,roberta-large,0,_mean_exclude_cls_sep-13,1,24,85.11,89.43,94.78,89.63,91.87,92.6,73.57,88.14142857142858
345.0,roberta-large,0,_concat_cls_with_mean-13,1,24,84.96,87.71,94.79,89.59,92.15,93.2,71.65,87.72142857142856
346.0,roberta-large,0,_concat_cls_with_mean_exclude_cls_sep-13,1,24,84.91,88.13,94.7,90.08,92.2,93.6,72.52,88.02
347.0,roberta-large,0,_concat_mean_3_tokens-13,1,24,84.73,90.04,95.52,90.54,91.54,93.0,69.04,87.77285714285715
348.0,roberta-large,0,_concat_mean_3_tokens_exclude_cls_and_sep-13,1,24,85.54,89.94,95.51,89.64,91.27,93.4,68.64,87.70571428571428
349.0,roberta-large,0,_concat_mean_5_tokens-13,1,24,85.36,90.41,95.92,89.71,91.05,91.0,64.46,86.84428571428573
350.0,roberta-large,0,_concat_mean_5_tokens_exclude_cls_and_sep-13,1,24,85.54,89.64,95.86,68.77,90.72,94.4,63.13,84.00857142857141
351.0,roberta-large,0,_cls-14,1,24,71.61,63.76,83.67,68.77,84.95,40.2,67.01,68.56714285714285
352.0,roberta-large,0,_mean-14,1,24,85.79,88.82,94.94,89.19,92.04,93.4,74.72,88.41428571428573
353.0,roberta-large,0,_mean_exclude_cls_sep-14,1,24,85.55,88.93,95.09,89.36,92.09,93.0,75.59,88.51571428571431
354.0,roberta-large,0,_concat_cls_with_mean-14,1,24,85.42,86.54,94.83,89.49,92.04,92.0,74.49,87.83000000000001
355.0,roberta-large,0,_concat_cls_with_mean_exclude_cls_sep-14,1,24,85.3,88.26,94.55,89.64,92.2,93.2,74.78,88.27571428571427
356.0,roberta-large,0,_concat_mean_3_tokens-14,1,24,85.88,89.93,95.58,90.02,91.49,93.0,69.39,87.89857142857143
357.0,roberta-large,0,_concat_mean_3_tokens_exclude_cls_and_sep-14,1,24,86.32,89.67,95.81,89.72,91.05,94.4,68.64,87.94428571428571
358.0,roberta-large,0,_concat_mean_5_tokens-14,1,24,86.31,89.83,96.24,89.42,91.6,90.6,64.93,86.99000000000001
359.0,roberta-large,0,_concat_mean_5_tokens_exclude_cls_and_sep-14,1,24,86.15,89.86,96.08,68.77,91.21,93.8,63.25,84.15999999999998
360.0,roberta-large,0,_cls-15,1,24,67.46,63.76,79.59,68.76,77.76,40.0,66.49,66.26
361.0,roberta-large,0,_mean-15,1,24,86.16,88.93,94.81,89.37,92.37,92.4,74.9,88.41999999999999
362.0,roberta-large,0,_mean_exclude_cls_sep-15,1,24,86.18,89.51,94.6,89.93,92.81,92.8,74.43,88.60857142857142
363.0,roberta-large,0,_concat_cls_with_mean-15,1,24,85.92,88.37,94.78,89.13,92.53,92.6,71.71,87.86285714285715
364.0,roberta-large,0,_concat_cls_with_mean_exclude_cls_sep-15,1,24,85.91,88.82,95.15,89.62,92.64,93.8,74.55,88.64142857142856
365.0,roberta-large,0,_concat_mean_3_tokens-15,1,24,86.54,89.67,95.59,90.03,91.05,91.4,67.83,87.44428571428573
366.0,roberta-large,0,_concat_mean_3_tokens_exclude_cls_and_sep-15,1,24,86.47,88.98,96.06,89.7,91.32,93.0,67.07,87.5142857142857
367.0,roberta-large,0,_concat_mean_5_tokens-15,1,24,86.58,89.25,95.78,89.43,90.77,90.8,68.06,87.23857142857143
368.0,roberta-large,0,_concat_mean_5_tokens_exclude_cls_and_sep-15,1,24,86.49,90.38,96.18,68.77,90.99,95.6,64.23,84.66285714285713
369.0,roberta-large,0,_cls-16,1,24,79.04,63.74,87.79,68.76,85.83,37.4,66.49,69.86428571428571
370.0,roberta-large,0,_mean-16,1,24,86.05,89.75,94.62,89.07,92.86,92.0,75.36,88.53
371.0,roberta-large,0,_mean_exclude_cls_sep-16,1,24,86.13,89.64,94.64,89.13,92.59,91.6,75.25,88.42571428571429
372.0,roberta-large,0,_concat_cls_with_mean-16,1,24,85.97,89.01,95.0,88.78,92.97,92.8,71.25,87.96857142857142
373.0,roberta-large,0,_concat_cls_with_mean_exclude_cls_sep-16,1,24,86.27,89.22,95.06,89.54,93.25,93.0,72.46,88.4
374.0,roberta-large,0,_concat_mean_3_tokens-16,1,24,86.57,89.72,95.67,90.45,92.04,92.8,68.64,87.98428571428572
375.0,roberta-large,0,_concat_mean_3_tokens_exclude_cls_and_sep-16,1,24,86.68,89.06,95.74,89.46,92.31,93.2,68.0,87.77857142857144
376.0,roberta-large,0,_concat_mean_5_tokens-16,1,24,87.12,90.76,95.58,89.39,92.04,90.0,69.51,87.77142857142857
377.0,roberta-large,0,_concat_mean_5_tokens_exclude_cls_and_sep-16,1,24,87.03,90.86,96.12,68.77,91.32,94.8,65.97,84.98142857142857
378.0,roberta-large,0,_cls-17,1,24,79.54,63.68,90.11,68.76,86.49,44.8,66.49,71.41
379.0,roberta-large,0,_mean-17,1,24,86.6,88.21,94.43,89.05,92.53,90.2,75.71,88.10428571428574
380.0,roberta-large,0,_mean_exclude_cls_sep-17,1,24,86.06,88.66,94.61,89.73,92.92,91.2,75.25,88.34714285714287
381.0,roberta-large,0,_concat_cls_with_mean-17,1,24,86.05,88.79,94.97,89.1,92.7,92.6,71.65,87.97999999999999
382.0,roberta-large,0,_concat_cls_with_mean_exclude_cls_sep-17,1,24,86.13,88.87,94.83,89.7,92.81,93.2,72.41,88.27857142857142
383.0,roberta-large,0,_concat_mean_3_tokens-17,1,24,86.7,89.06,95.8,90.23,92.09,91.8,66.84,87.50285714285714
384.0,roberta-large,0,_concat_mean_3_tokens_exclude_cls_and_sep-17,1,24,87.13,89.06,95.38,89.68,92.97,91.4,68.35,87.71000000000001
385.0,roberta-large,0,_concat_mean_5_tokens-17,1,24,87.43,89.48,95.78,89.31,92.09,91.0,67.07,87.45142857142858
386.0,roberta-large,0,_concat_mean_5_tokens_exclude_cls_and_sep-17,1,24,87.27,90.41,95.73,68.77,92.37,94.2,63.88,84.66142857142857
387.0,roberta-large,0,_cls-18,1,24,75.72,63.68,89.71,68.77,86.0,45.4,66.84,70.87428571428572
388.0,roberta-large,0,_mean-18,1,24,86.3,89.11,94.76,88.86,93.19,91.2,74.67,88.29857142857144
389.0,roberta-large,0,_mean_exclude_cls_sep-18,1,24,86.61,89.14,94.93,89.32,93.14,91.6,75.25,88.57000000000001
390.0,roberta-large,0,_concat_cls_with_mean-18,1,24,86.25,88.61,94.94,89.02,93.19,90.2,71.88,87.72714285714287
391.0,roberta-large,0,_concat_cls_with_mean_exclude_cls_sep-18,1,24,86.21,88.85,95.03,89.28,93.25,92.6,73.28,88.35714285714286
392.0,roberta-large,0,_concat_mean_3_tokens-18,1,24,87.3,90.09,95.35,89.87,92.42,92.4,67.48,87.84428571428573
393.0,roberta-large,0,_concat_mean_3_tokens_exclude_cls_and_sep-18,1,24,87.3,88.5,95.44,89.48,92.7,92.0,65.97,87.34142857142858
394.0,roberta-large,0,_concat_mean_5_tokens-18,1,24,87.59,89.22,95.85,89.26,91.93,90.8,67.71,87.48
395.0,roberta-large,0,_concat_mean_5_tokens_exclude_cls_and_sep-18,1,24,87.05,89.99,95.79,68.77,91.93,94.4,64.99,84.70285714285714
396.0,roberta-large,0,_cls-19,1,24,75.7,63.71,86.43,81.83,83.53,65.6,66.49,74.75571428571429
397.0,roberta-large,0,_mean-19,1,24,86.27,87.52,94.92,88.93,92.53,91.8,74.55,88.0742857142857
398.0,roberta-large,0,_mean_exclude_cls_sep-19,1,24,86.37,87.71,94.57,89.25,92.7,91.4,75.07,88.15285714285713
399.0,roberta-large,0,_concat_cls_with_mean-19,1,24,86.4,88.9,94.64,88.98,92.86,90.4,73.16,87.9057142857143
400.0,roberta-large,0,_concat_cls_with_mean_exclude_cls_sep-19,1,24,86.52,88.9,94.92,89.14,92.86,92.2,71.83,88.05285714285716
401.0,roberta-large,0,_concat_mean_3_tokens-19,1,24,86.97,88.26,95.24,89.89,91.71,93.2,69.28,87.79285714285713
402.0,roberta-large,0,_concat_mean_3_tokens_exclude_cls_and_sep-19,1,24,87.12,88.13,95.65,89.5,91.76,90.8,65.22,86.88285714285713
403.0,roberta-large,0,_concat_mean_5_tokens-19,1,24,87.22,89.3,95.99,89.12,92.15,89.8,64.12,86.8142857142857
404.0,roberta-large,0,_concat_mean_5_tokens_exclude_cls_and_sep-19,1,24,87.01,89.64,96.0,68.77,90.83,93.2,68.0,84.77857142857142
405.0,roberta-large,0,_cls-20,1,24,73.16,63.76,89.42,72.58,84.46,44.2,66.78,70.62285714285713
406.0,roberta-large,0,_mean-20,1,24,85.73,87.2,94.99,88.8,92.04,90.2,74.78,87.67714285714285
407.0,roberta-large,0,_mean_exclude_cls_sep-20,1,24,85.92,86.7,95.19,89.09,92.2,91.0,74.32,87.7742857142857
408.0,roberta-large,0,_concat_cls_with_mean-20,1,24,85.53,86.43,94.96,88.91,91.98,90.6,72.64,87.29285714285716
409.0,roberta-large,0,_concat_cls_with_mean_exclude_cls_sep-20,1,24,85.55,86.73,94.94,89.19,91.87,92.8,72.06,87.59142857142858
410.0,roberta-large,0,_concat_mean_3_tokens-20,1,24,86.51,88.48,95.7,89.21,90.88,90.8,67.65,87.03285714285713
411.0,roberta-large,0,_concat_mean_3_tokens_exclude_cls_and_sep-20,1,24,86.23,88.53,95.74,88.9,91.16,91.8,66.26,86.94571428571427
412.0,roberta-large,0,_concat_mean_5_tokens-20,1,24,86.55,89.46,95.92,88.83,90.83,89.8,67.48,86.98142857142857
413.0,roberta-large,0,_concat_mean_5_tokens_exclude_cls_and_sep-20,1,24,86.2,89.24,95.76,68.77,90.33,93.6,67.19,84.44142857142856
414.0,roberta-large,0,_cls-21,1,24,71.01,63.71,86.1,68.98,80.78,44.4,67.07,68.86428571428571
415.0,roberta-large,0,_mean-21,1,24,84.87,85.67,94.89,88.23,91.16,90.8,74.14,87.10857142857142
416.0,roberta-large,0,_mean_exclude_cls_sep-21,1,24,85.11,87.18,95.01,88.78,91.65,89.8,74.96,87.49857142857142
417.0,roberta-large,0,_concat_cls_with_mean-21,1,24,84.97,87.15,94.78,88.47,91.1,88.8,71.01,86.61142857142856
418.0,roberta-large,0,_concat_cls_with_mean_exclude_cls_sep-21,1,24,84.48,87.34,94.76,89.07,91.54,91.4,72.64,87.31857142857143
419.0,roberta-large,0,_concat_mean_3_tokens-21,1,24,84.9,87.68,95.7,89.51,90.77,92.4,68.29,87.03571428571429
420.0,roberta-large,0,_concat_mean_3_tokens_exclude_cls_and_sep-21,1,24,85.1,88.37,95.85,88.69,90.77,91.8,67.01,86.79857142857142
421.0,roberta-large,0,_concat_mean_5_tokens-21,1,24,86.13,88.53,95.69,88.73,90.66,89.6,67.65,86.71285714285715
422.0,roberta-large,0,_concat_mean_5_tokens_exclude_cls_and_sep-21,1,24,85.14,88.1,95.57,68.77,90.77,94.2,65.97,84.07428571428571
423.0,roberta-large,0,_cls-22,1,24,68.9,63.74,85.58,68.73,81.6,33.0,66.49,66.86285714285715
424.0,roberta-large,0,_mean-22,1,24,84.44,84.58,94.98,88.21,90.72,89.6,73.97,86.64285714285714
425.0,roberta-large,0,_mean_exclude_cls_sep-22,1,24,85.0,86.01,94.89,88.9,91.05,89.6,74.2,87.09285714285714
426.0,roberta-large,0,_concat_cls_with_mean-22,1,24,84.03,85.03,94.61,88.0,90.44,90.6,72.64,86.47857142857143
427.0,roberta-large,0,_concat_cls_with_mean_exclude_cls_sep-22,1,24,84.16,86.2,94.52,88.69,90.94,91.2,73.04,86.96428571428571
428.0,roberta-large,0,_concat_mean_3_tokens-22,1,24,84.74,86.73,95.41,89.04,90.23,92.0,68.7,86.69285714285716
429.0,roberta-large,0,_concat_mean_3_tokens_exclude_cls_and_sep-22,1,24,84.46,86.83,95.69,88.76,89.95,92.2,67.01,86.41428571428571
430.0,roberta-large,0,_concat_mean_5_tokens-22,1,24,85.75,88.34,95.55,88.64,90.83,90.2,66.61,86.55999999999999
431.0,roberta-large,0,_concat_mean_5_tokens_exclude_cls_and_sep-22,1,24,84.56,87.29,95.43,68.77,89.62,93.0,66.9,83.65285714285714
432.0,roberta-large,0,_cls-23,1,24,64.95,63.71,87.33,68.74,76.66,43.0,67.3,67.38428571428571
433.0,roberta-large,0,_mean-23,1,24,84.45,83.39,94.52,87.65,90.39,89.4,72.7,86.07142857142857
434.0,roberta-large,0,_mean_exclude_cls_sep-23,1,24,84.44,83.23,94.5,88.56,91.05,92.2,73.45,86.7757142857143
435.0,roberta-large,0,_concat_cls_with_mean-23,1,24,84.15,82.78,94.56,87.3,90.66,89.6,71.54,85.79857142857144
436.0,roberta-large,0,_concat_cls_with_mean_exclude_cls_sep-23,1,24,84.25,85.17,94.44,88.38,90.66,91.2,72.29,86.62714285714286
437.0,roberta-large,0,_concat_mean_3_tokens-23,1,24,84.47,86.28,95.79,88.93,90.28,92.0,68.0,86.53571428571429
438.0,roberta-large,0,_concat_mean_3_tokens_exclude_cls_and_sep-23,1,24,84.39,86.89,95.73,88.6,90.12,92.2,66.32,86.32142857142857
439.0,roberta-large,0,_concat_mean_5_tokens-23,1,24,84.71,87.65,95.93,88.38,90.17,91.2,64.7,86.1057142857143
440.0,roberta-large,0,_concat_mean_5_tokens_exclude_cls_and_sep-23,1,24,85.33,87.79,95.69,68.77,89.62,93.4,67.01,83.94428571428571
441.0,roberta-large,0,_cls-24,1,24,77.51,63.76,91.25,70.47,86.82,53.6,66.49,72.84285714285714
442.0,roberta-large,0,_mean-24,1,24,82.18,77.83,93.66,86.19,90.23,80.8,66.49,82.48285714285714
443.0,roberta-large,0,_mean_exclude_cls_sep-24,1,24,82.81,79.37,93.67,86.38,90.23,79.2,68.58,82.89142857142858
444.0,roberta-large,0,_concat_cls_with_mean-24,1,24,82.9,81.4,94.22,85.83,89.95,81.4,68.23,83.41857142857143
445.0,roberta-large,0,_concat_cls_with_mean_exclude_cls_sep-24,1,24,83.22,81.83,94.32,86.61,90.61,85.6,70.72,84.70142857142858
446.0,roberta-large,0,_concat_mean_3_tokens-24,1,24,84.02,83.45,94.67,87.39,89.24,88.2,68.23,85.02857142857144
447.0,roberta-large,0,_concat_mean_3_tokens_exclude_cls_and_sep-24,1,24,83.66,84.53,94.53,86.94,89.18,89.4,66.9,85.02
448.0,roberta-large,0,_concat_mean_5_tokens-24,1,24,83.92,86.07,95.13,86.55,89.9,88.2,68.23,85.42857142857144
449.0,roberta-large,0,_concat_mean_5_tokens_exclude_cls_and_sep-24,1,24,83.93,85.3,94.82,68.77,89.79,89.6,66.43,82.66285714285716
450.0,roberta-large,0,cls_last4,1,24,75.77,64.19,90.99,70.56,86.27,46.6,66.49,71.55285714285715
451.0,roberta-large,0,mean_last4,1,24,85.57,86.25,95.62,88.86,91.1,92.4,71.01,87.25857142857141
452.0,roberta-large,0,mean_exclude_cls_sep_last4,1,24,85.84,87.36,95.55,88.95,91.21,93.6,70.9,87.63
453.0,roberta-large,0,concat_cls_with_mean_last4,1,24,85.6,86.73,95.55,88.72,91.1,93.0,68.23,86.99000000000001
454.0,roberta-large,0,concat_cls_with_mean_exclude_cls_sep_last4,1,24,85.64,87.37,95.4,88.75,90.99,93.4,66.49,86.86285714285714
455.0,roberta-large,0,concat_mean_3_tokens_last4,1,24,85.48,88.82,95.87,89.53,90.33,92.6,66.49,87.01714285714286
456.0,roberta-large,0,concat_mean_3_tokens_exclude_cls_and_sep_last4,1,24,85.93,88.19,95.69,88.45,90.66,91.8,66.78,86.78571428571426
457.0,roberta-large,0,concat_mean_5_tokens_last4,1,24,85.59,88.48,95.94,88.2,90.99,92.6,67.94,87.10571428571428
458.0,roberta-large,0,concat_mean_5_tokens_exclude_cls_and_sep_last4,1,24,85.42,87.39,95.57,68.77,89.84,92.6,63.54,83.30428571428571
459.0,roberta-large,0,cls_sumall,1,24,74.77,66.49,89.85,76.59,83.47,43.0,66.49,71.52285714285713
460.0,roberta-large,0,mean_sumall,1,24,85.38,87.18,95.49,88.68,91.6,93.6,68.17,87.15714285714286
461.0,roberta-large,0,mean_exclude_cls_sep_sumall,1,24,85.26,86.91,95.39,87.6,91.93,93.6,67.77,86.92285714285713
462.0,roberta-large,0,concat_cls_with_mean_sumall,1,24,85.53,87.18,95.51,89.23,91.32,93.8,66.03,86.94285714285715
463.0,roberta-large,0,concat_cls_with_mean_exclude_cls_sep_sumall,1,24,85.75,87.07,95.68,88.86,91.82,93.8,67.65,87.23285714285714
464.0,roberta-large,0,concat_mean_3_tokens_sumall,1,24,85.46,86.12,95.67,89.36,90.66,93.0,66.49,86.67999999999999
465.0,roberta-large,0,concat_mean_3_tokens_exclude_cls_and_sep_sumall,1,24,85.41,87.42,95.59,87.23,90.17,93.0,66.49,86.47285714285714
466.0,roberta-large,0,concat_mean_5_tokens_sumall,1,24,83.45,87.1,95.23,87.75,89.18,91.4,68.81,86.13142857142859
467.0,roberta-large,0,concat_mean_5_tokens_exclude_cls_and_sep_sumall,1,24,83.7,86.62,95.29,68.77,89.35,89.4,68.46,83.08428571428571
