Modelo;Pooling;out_emb_size;epochs;qtd_layers;nhid;MR;CR;SUBJ;MPQA;SST2;TREC;MRPC;Avg_without_SST5
PromptEOL (Lllama2-7B);llm;768,00;not;not;not defined;90,63;92,87;96,32;91,19;95,00;95,40;75,19;90,94
PromptEOL + TP (Ours) (Lllama2-7B);llm;768,00;not;not;not defined;90,90;93,35;96,58;91,51;95,50;96,00;76,12;91,42
Pretended CoT (Lllama2-7B);llm;768,00;not;not;not defined;90,10;92,24;96,32;91,54;95,11;94,20;75,77;90,75
Pretended CoT + TP (Ours) (Lllama2-7B);llm;768,00;not;not;not defined;90,45;92,61;96,52;91,59;95,77;96,00;76,81;91,39
Knowledge (Lllama2-7B);llm;768,00;not;not;not defined;89,84;93,03;96,21;91,54;94,78;97,20;73,91;90,93
Knowledge + TP (Ours) (Lllama2-7B);llm;768,00;not;not;not defined;90,39;93,32;96,31;91,56;94,51;97,60;76,06;91,39
CLTC-RoBERTa=Base;nan;768,00;5;12;not defined;86,86;92,35;94,31;89,91;91,36;87,73;77,14;88,52
CLTC-BERT=Base;nan;768,00;5;12;not defined;83,75;89,88;95,11;88,29;88,36;89,99;74,63;87,14
CLTC-RoBERTa=Base;nan;768,00;1;12;not defined;83,44;88,87;95,32;87,84;89,38;83,98;74,66;86,21
CLTC-BERT=Base;nan;768,00;1;12;not defined;81,52;86,61;95,17;89,95;87,16;83,06;76,63;85,73
HNCSE-PM (bert-base);cls;768,00;1;12;not defined;81,94;86,99;95,20;89,77;86,81;85,31;75,49;85,93
HNCSE-HNM (bert-base);cls;768,00;1;12;not defined;81,64;86,84;95,11;89,66;86,81;83,90;75,91;85,70
WordFS-P-woP-150D;mean;768,00;1;1;not defined;73,09;74,86;89,86;86,24;76,22;65,40;71,01;76,67
WordFS-P-wP-150D;mean;768,00;1;1;not defined;74,03;76,00;89,20;86,24;76,50;65,20;70,38;76,69
WordFS-P-woP-100D;mean;768,00;1;1;not defined;72,24;73,96;88,62;85,26;73,97;62,00;71,42;75,35
WordFS-P-wP-100D;mean;768,00;1;1;not defined;72,68;75,42;88,25;85,50;76,94;64,40;71,59;76,40
WordFS-P-woP-50D;mean;768,00;1;1;not defined;68,54;70,54;85,51;81,35;69,85;56,20;71,65;71,95
WordFS-P-wP-50D;mean;768,00;1;1;not defined;69,96;71,05;84,25;83,29;72,10;56,60;71,30;72,65
bert-base;CLS_LYR-7;torch.Size([768]);1,00;12,00;0,00;73,59;73,17;93,29;86,36;81,93;77,80;69,33;79,35
bert-base;AVG_LYR-7;torch.Size([768]);1,00;12,00;0,00;77,87;80,45;94,13;87,94;83,36;91,00;74,61;84,19
bert-base;SUM_LYR-7;torch.Size([768]);1,00;12,00;0,00;74,82;79,76;92,72;87,57;83,25;89,80;64,70;81,80
bert-base;MAX_LYR-7;torch.Size([768]);1,00;12,00;0,00;72,92;68,77;91,33;86,98;79,68;86,60;67,77;79,15
bert-base;AVG-NS_LYR-7;torch.Size([768]);1,00;12,00;0,00;77,86;80,93;93,83;88,51;83,03;91,00;73,80;84,14
bert-base;SUM-NS_LYR-7;torch.Size([768]);1,00;12,00;0,00;75,87;79,63;92,55;87,33;83,03;89,80;64,06;81,75
bert-base;MAX-NS_LYR-7;torch.Size([768]);1,00;12,00;0,00;72,84;72,08;91,15;87,44;80,12;86,60;67,94;79,74
bert-base;CLS+AVG_LYR-7;torch.Size([1536]);1,00;12,00;0,00;78,61;79,39;94,45;88,78;83,91;91,20;74,84;84,45
bert-base;CLS+SUM_LYR-7;torch.Size([1536]);1,00;12,00;0,00;76,08;79,79;92,94;88,36;83,42;91,40;67,88;82,84
bert-base;CLS+MAX_LYR-7;torch.Size([1536]);1,00;12,00;0,00;76,39;77,17;93,16;87,95;83,25;92,40;69,74;82,87
bert-base;CLS+AVG-NS_LYR-7;torch.Size([1536]);1,00;12,00;0,00;78,99;80,05;94,37;89,00;85,28;91,00;74,26;84,71
bert-base;CLS+SUM-NS_LYR-7;torch.Size([1536]);1,00;12,00;0,00;75,03;79,68;93,01;88,44;82,65;91,00;68,75;82,65
bert-base;CLS+MAX-NS_LYR-7;torch.Size([1536]);1,00;12,00;0,00;76,34;77,14;93,06;88,48;83,14;91,20;69,91;82,75
bert-base;DY3_LYR-7;torch.Size([2304]);1,00;12,00;0,00;79,15;81,16;94,58;89,03;80,72;91,80;68,29;83,53
bert-base;DY3-NS_LYR-7;torch.Size([2304]);1,00;12,00;0,00;78,68;80,87;94,50;88,57;80,94;92,00;67,54;83,30
bert-base;DY5_LYR-7;torch.Size([3840]);1,00;12,00;0,00;78,20;81,85;94,87;88,53;79,46;91,80;69,16;83,41
bert-base;DY5-NS_LYR-7;torch.Size([3840]);1,00;12,00;0,00;78,37;81,09;94,52;68,77;50,08;93,60;64,35;75,83
bert-base;CLS_LYR-8;torch.Size([768]);1,00;12,00;0,00;76,14;73,69;93,13;86,97;83,36;78,00;69,51;80,11
bert-base;AVG_LYR-8;torch.Size([768]);1,00;12,00;0,00;79,95;82,65;94,17;88,43;84,95;92,00;74,14;85,18
bert-base;SUM_LYR-8;torch.Size([768]);1,00;12,00;0,00;77,15;81,54;93,51;87,82;83,42;89,80;61,10;82,05
bert-base;MAX_LYR-8;torch.Size([768]);1,00;12,00;0,00;74,49;73,40;91,67;87,24;80,83;87,40;70,96;80,86
bert-base;AVG-NS_LYR-8;torch.Size([768]);1,00;12,00;0,00;79,74;82,65;94,16;88,79;84,73;91,80;74,26;85,16
bert-base;SUM-NS_LYR-8;torch.Size([768]);1,00;12,00;0,00;76,80;81,56;93,44;87,55;83,20;90,00;64,00;82,36
bert-base;MAX-NS_LYR-8;torch.Size([768]);1,00;12,00;0,00;74,97;76,05;91,73;87,15;81,60;89,60;69,51;81,52
bert-base;CLS+AVG_LYR-8;torch.Size([1536]);1,00;12,00;0,00;80,08;81,91;94,25;88,95;85,50;91,20;75,36;85,32
bert-base;CLS+SUM_LYR-8;torch.Size([1536]);1,00;12,00;0,00;76,75;82,28;93,57;88,05;84,95;91,80;61,62;82,72
bert-base;CLS+MAX_LYR-8;torch.Size([1536]);1,00;12,00;0,00;78,09;78,22;93,52;87,95;85,72;92,20;71,01;83,82
bert-base;CLS+AVG-NS_LYR-8;torch.Size([1536]);1,00;12,00;0,00;80,39;82,59;94,34;89,22;86,33;91,40;74,78;85,58
bert-base;CLS+SUM-NS_LYR-8;torch.Size([1536]);1,00;12,00;0,00;77,15;82,33;93,60;88,21;84,35;91,40;61,57;82,66
bert-base;CLS+MAX-NS_LYR-8;torch.Size([1536]);1,00;12,00;0,00;77,99;78,75;93,62;88,47;85,61;92,00;70,90;83,91
bert-base;DY3_LYR-8;torch.Size([2304]);1,00;12,00;0,00;80,38;83,58;94,54;89,39;81,11;92,20;68,99;84,31
bert-base;DY3-NS_LYR-8;torch.Size([2304]);1,00;12,00;0,00;79,78;83,97;94,63;89,02;82,10;91,80;67,71;84,14
bert-base;DY5_LYR-8;torch.Size([3840]);1,00;12,00;0,00;80,55;83,23;94,68;88,85;81,44;93,80;68,75;84,47
bert-base;DY5-NS_LYR-8;torch.Size([3840]);1,00;12,00;0,00;79,76;84,40;94,78;68,77;50,08;94,40;66,49;76,95
bert-base;CLS_LYR-9;torch.Size([768]);1,00;12,00;0,00;79,33;81,17;93,98;87,32;84,29;82,00;71,36;82,78
bert-base;AVG_LYR-9;torch.Size([768]);1,00;12,00;0,00;80,64;85,17;94,04;88,18;85,34;90,40;73,74;85,36
bert-base;SUM_LYR-9;torch.Size([768]);1,00;12,00;0,00;79,44;83,60;93,34;87,08;85,83;92,20;67,19;84,10
bert-base;MAX_LYR-9;torch.Size([768]);1,00;12,00;0,00;77,52;77,99;92,10;86,85;82,65;89,80;72,12;82,72
bert-base;AVG-NS_LYR-9;torch.Size([768]);1,00;12,00;0,00;80,76;85,27;94,13;87,82;85,45;90,00;74,26;85,38
bert-base;SUM-NS_LYR-9;torch.Size([768]);1,00;12,00;0,00;78,95;83,37;93,46;87,25;85,34;91,80;67,07;83,89
bert-base;MAX-NS_LYR-9;torch.Size([768]);1,00;12,00;0,00;77,53;78,30;92,39;86,69;82,70;90,40;70,78;82,68
bert-base;CLS+AVG_LYR-9;torch.Size([1536]);1,00;12,00;0,00;81,46;85,38;94,70;88,69;86,93;92,00;74,96;86,30
bert-base;CLS+SUM_LYR-9;torch.Size([1536]);1,00;12,00;0,00;78,00;83,39;93,45;88,24;85,50;91,60;70,61;84,40
bert-base;CLS+MAX_LYR-9;torch.Size([1536]);1,00;12,00;0,00;80,65;81,91;93,91;88,55;86,00;93,00;72,70;85,25
bert-base;CLS+AVG-NS_LYR-9;torch.Size([1536]);1,00;12,00;0,00;81,21;84,29;94,85;88,94;87,37;91,40;74,90;86,14
bert-base;CLS+SUM-NS_LYR-9;torch.Size([1536]);1,00;12,00;0,00;79,16;84,35;93,94;88,10;85,72;91,20;65,04;83,93
bert-base;CLS+MAX-NS_LYR-9;torch.Size([1536]);1,00;12,00;0,00;80,78;82,91;94,38;88,92;86,99;93,20;72,58;85,68
bert-base;DY3_LYR-9;torch.Size([2304]);1,00;12,00;0,00;80,90;85,93;94,95;89,19;83,36;92,40;70,43;85,31
bert-base;DY3-NS_LYR-9;torch.Size([2304]);1,00;12,00;0,00;81,24;85,61;94,85;88,84;83,25;91,60;70,26;85,09
bert-base;DY5_LYR-9;torch.Size([3840]);1,00;12,00;0,00;81,79;86,25;95,10;88,56;83,14;93,80;68,75;85,34
bert-base;DY5-NS_LYR-9;torch.Size([3840]);1,00;12,00;0,00;81,62;86,60;95,02;68,77;50,08;93,60;65,68;77,34
bert-base;CLS_LYR-10;torch.Size([768]);1,00;12,00;0,00;81,21;82,83;94,10;87,08;86,44;83,80;70,32;83,68
bert-base;AVG_LYR-10;torch.Size([768]);1,00;12,00;0,00;80,76;85,27;94,20;88,05;85,94;88,80;74,14;85,31
bert-base;SUM_LYR-10;torch.Size([768]);1,00;12,00;0,00;78,22;83,97;93,56;87,51;85,61;90,20;68,29;83,91
bert-base;MAX_LYR-10;torch.Size([768]);1,00;12,00;0,00;78,96;78,97;93,17;87,26;84,62;89,00;71,65;83,38
bert-base;AVG-NS_LYR-10;torch.Size([768]);1,00;12,00;0,00;80,84;85,06;94,09;87,87;85,72;89,00;73,45;85,15
bert-base;SUM-NS_LYR-10;torch.Size([768]);1,00;12,00;0,00;76,95;83,39;93,68;86,58;84,62;90,80;66,96;83,28
bert-base;MAX-NS_LYR-10;torch.Size([768]);1,00;12,00;0,00;78,51;79,31;92,89;86,82;84,29;89,40;70,61;83,12
bert-base;CLS+AVG_LYR-10;torch.Size([1536]);1,00;12,00;0,00;82,29;85,64;94,85;88,67;87,31;90,80;75,13;86,38
bert-base;CLS+SUM_LYR-10;torch.Size([1536]);1,00;12,00;0,00;77,92;83,71;93,78;88,27;86,77;89,40;68,23;84,01
bert-base;CLS+MAX_LYR-10;torch.Size([1536]);1,00;12,00;0,00;81,63;85,17;94,40;88,22;86,82;90,40;70,96;85,37
bert-base;CLS+AVG-NS_LYR-10;torch.Size([1536]);1,00;12,00;0,00;82,22;84,85;94,88;89,04;87,26;91,00;75,25;86,36
bert-base;CLS+SUM-NS_LYR-10;torch.Size([1536]);1,00;12,00;0,00;78,51;83,42;93,84;88,45;86,16;89,60;68,64;84,09
bert-base;CLS+MAX-NS_LYR-10;torch.Size([1536]);1,00;12,00;0,00;81,71;83,74;94,61;88,29;87,10;90,60;72,06;85,44
bert-base;DY3_LYR-10;torch.Size([2304]);1,00;12,00;0,00;81,47;86,57;94,64;88,89;84,18;91,20;72,06;85,57
bert-base;DY3-NS_LYR-10;torch.Size([2304]);1,00;12,00;0,00;81,27;86,78;95,03;88,68;83,96;91,20;70,03;85,28
bert-base;DY5_LYR-10;torch.Size([3840]);1,00;12,00;0,00;81,57;86,81;94,94;88,70;84,24;92,40;65,62;84,90
bert-base;DY5-NS_LYR-10;torch.Size([3840]);1,00;12,00;0,00;81,77;86,12;95,11;68,77;50,08;93,40;69,28;77,79
bert-base;CLS_LYR-11;torch.Size([768]);1,00;12,00;0,00;81,67;84,03;94,55;87,67;87,10;86,00;70,55;84,51
bert-base;AVG_LYR-11;torch.Size([768]);1,00;12,00;0,00;80,33;84,93;94,33;88,00;85,06;87,80;73,97;84,92
bert-base;SUM_LYR-11;torch.Size([768]);1,00;12,00;0,00;78,06;83,68;93,60;87,11;85,34;90,40;64,46;83,24
bert-base;MAX_LYR-11;torch.Size([768]);1,00;12,00;0,00;77,78;79,79;93,33;87,37;83,96;85,60;72,29;82,87
bert-base;AVG-NS_LYR-11;torch.Size([768]);1,00;12,00;0,00;80,33;84,69;94,46;87,61;84,84;88,60;73,62;84,88
bert-base;SUM-NS_LYR-11;torch.Size([768]);1,00;12,00;0,00;77,40;83,84;93,52;86,68;84,84;90,00;63,71;82,86
bert-base;MAX-NS_LYR-11;torch.Size([768]);1,00;12,00;0,00;78,05;80,05;93,43;86,42;83,96;87,80;71,88;83,08
bert-base;CLS+AVG_LYR-11;torch.Size([1536]);1,00;12,00;0,00;82,28;85,03;94,90;88,55;87,48;89,80;73,04;85,87
bert-base;CLS+SUM_LYR-11;torch.Size([1536]);1,00;12,00;0,00;79,05;82,62;93,68;87,49;85,72;92,00;62,61;83,31
bert-base;CLS+MAX_LYR-11;torch.Size([1536]);1,00;12,00;0,00;81,70;83,29;94,78;87,87;86,71;90,20;75,01;85,65
bert-base;CLS+AVG-NS_LYR-11;torch.Size([1536]);1,00;12,00;0,00;82,10;84,98;95,12;88,40;87,42;90,00;73,04;85,87
bert-base;CLS+SUM-NS_LYR-11;torch.Size([1536]);1,00;12,00;0,00;78,77;82,49;93,71;87,64;86,00;92,20;60,06;82,98
bert-base;CLS+MAX-NS_LYR-11;torch.Size([1536]);1,00;12,00;0,00;81,61;83,42;94,89;87,94;86,77;90,20;75,01;85,69
bert-base;DY3_LYR-11;torch.Size([2304]);1,00;12,00;0,00;80,93;85,53;95,04;88,55;83,64;92,00;71,54;85,32
bert-base;DY3-NS_LYR-11;torch.Size([2304]);1,00;12,00;0,00;81,11;85,99;95,06;88,61;83,75;91,40;70,84;85,25
bert-base;DY5_LYR-11;torch.Size([3840]);1,00;12,00;0,00;81,31;86,41;95,10;88,81;83,80;93,00;69,68;85,44
bert-base;DY5-NS_LYR-11;torch.Size([3840]);1,00;12,00;0,00;81,13;86,46;95,27;68,77;50,08;94,40;69,57;77,95
bert-base;CLS_LYR-12;torch.Size([768]);1,00;12,00;0,00;81,32;84,13;94,56;86,71;86,16;81,60;71,83;83,76
bert-base;AVG_LYR-12;torch.Size([768]);1,00;12,00;0,00;80,26;83,50;94,43;87,10;84,79;85,20;73,91;84,17
bert-base;SUM_LYR-12;torch.Size([768]);1,00;12,00;0,00;78,59;82,57;93,66;87,08;85,12;89,80;64,93;83,11
bert-base;MAX_LYR-12;torch.Size([768]);1,00;12,00;0,00;77,48;74,02;92,59;85,59;83,36;81,20;71,42;80,81
bert-base;AVG-NS_LYR-12;torch.Size([768]);1,00;12,00;0,00;80,52;83,71;94,26;86,97;84,79;83,60;73,80;83,95
bert-base;SUM-NS_LYR-12;torch.Size([768]);1,00;12,00;0,00;78,04;82,97;93,55;86,54;85,45;89,80;67,13;83,35
bert-base;MAX-NS_LYR-12;torch.Size([768]);1,00;12,00;0,00;77,58;76,58;92,82;85,81;82,10;81,40;71,77;81,15
bert-base;CLS+AVG_LYR-12;torch.Size([1536]);1,00;12,00;0,00;81,69;85,38;95,15;88,15;86,77;88,80;73,68;85,66
bert-base;CLS+SUM_LYR-12;torch.Size([1536]);1,00;12,00;0,00;79,44;84,27;93,90;87,37;86,66;91,20;69,28;84,59
bert-base;CLS+MAX_LYR-12;torch.Size([1536]);1,00;12,00;0,00;81,87;84,29;94,79;87,04;86,99;87,60;72,93;85,07
bert-base;CLS+AVG-NS_LYR-12;torch.Size([1536]);1,00;12,00;0,00;81,73;84,50;95,16;87,98;86,71;89,40;74,09;85,65
bert-base;CLS+SUM-NS_LYR-12;torch.Size([1536]);1,00;12,00;0,00;79,51;83,87;93,83;87,46;86,71;89,80;69,45;84,38
bert-base;CLS+MAX-NS_LYR-12;torch.Size([1536]);1,00;12,00;0,00;81,70;83,58;94,48;87,46;86,66;87,20;72,81;84,84
bert-base;DY3_LYR-12;torch.Size([2304]);1,00;12,00;0,00;80,76;84,82;94,88;87,98;83,96;89,00;70,38;84,54
bert-base;DY3-NS_LYR-12;torch.Size([2304]);1,00;12,00;0,00;80,64;84,66;94,92;88,18;83,96;90,20;70,20;84,68
bert-base;DY5_LYR-12;torch.Size([3840]);1,00;12,00;0,00;80,95;85,56;95,01;88,30;82,15;90,80;67,59;84,34
bert-base;DY5-NS_LYR-12;torch.Size([3840]);1,00;12,00;0,00;80,70;84,74;94,91;68,77;50,08;92,20;67,48;76,98
bert-base;CLS_SUML4L;torch.Size([768]);1,00;12,00;0,00;81,89;84,43;95,09;87,61;87,26;88,40;62,38;83,87
bert-base;AVG_SUML4L;torch.Size([768]);1,00;12,00;0,00;81,34;86,78;94,42;88,33;86,27;91,00;70,38;85,50
bert-base;SUM_SUML4L;torch.Size([768]);1,00;12,00;0,00;76,11;82,68;93,45;86,33;85,67;88,60;65,22;82,58
bert-base;MAX_SUML4L;torch.Size([768]);1,00;12,00;0,00;76,59;78,09;92,19;86,50;83,80;85,40;67,19;81,39
bert-base;AVG-NS_SUML4L;torch.Size([768]);1,00;12,00;0,00;81,10;85,61;94,46;88,09;86,49;91,60;68,75;85,16
bert-base;SUM-NS_SUML4L;torch.Size([768]);1,00;12,00;0,00;76,04;83,15;93,08;85,86;85,72;88,20;65,57;82,52
bert-base;MAX-NS_SUML4L;torch.Size([768]);1,00;12,00;0,00;77,38;76,08;92,76;86,81;83,75;91,40;67,54;82,25
bert-base;CLS+AVG_SUML4L;torch.Size([1536]);1,00;12,00;0,00;82,40;85,99;95,20;88,59;87,92;92,20;71,65;86,28
bert-base;CLS+SUM_SUML4L;torch.Size([1536]);1,00;12,00;0,00;76,61;83,84;93,31;86,66;85,06;86,80;67,77;82,86
bert-base;CLS+MAX_SUML4L;torch.Size([1536]);1,00;12,00;0,00;80,53;83,81;94,55;87,76;86,71;92,40;67,07;84,69
bert-base;CLS+AVG-NS_SUML4L;torch.Size([1536]);1,00;12,00;0,00;82,41;85,77;95,13;88,73;87,70;90,40;72,17;86,04
bert-base;CLS+SUM-NS_SUML4L;torch.Size([1536]);1,00;12,00;0,00;76,95;83,36;93,09;87,07;85,34;87,80;65,91;82,79
bert-base;CLS+MAX-NS_SUML4L;torch.Size([1536]);1,00;12,00;0,00;80,54;83,73;94,80;88,19;87,59;92,00;66,49;84,76
bert-base;DY3_SUML4L;torch.Size([2304]);1,00;12,00;0,00;81,98;85,46;95,24;88,63;84,13;92,40;70,38;85,46
bert-base;DY3-NS_SUML4L;torch.Size([2304]);1,00;12,00;0,00;81,14;86,46;95,02;88,32;83,80;92,80;70,38;85,42
bert-base;DY5_SUML4L;torch.Size([3840]);1,00;12,00;0,00;81,39;86,07;94,35;88,25;83,86;92,00;68,12;84,86
bert-base;DY5-NS_SUML4L;torch.Size([3840]);1,00;12,00;0,00;80,36;86,20;94,94;68,77;50,08;92,40;64,41;76,74
bert-base;CLS_AVGL4L;torch.Size([768]);1,00;12,00;0,00;81,23;84,61;94,79;87,60;86,05;81,60;70,32;83,74
bert-base;AVG_AVGL4L;torch.Size([768]);1,00;12,00;0,00;81,21;85,06;94,44;87,88;85,78;90,00;73,97;85,48
bert-base;SUM_AVGL4L;torch.Size([768]);1,00;12,00;0,00;78,06;84,21;93,85;87,55;86,38;90,60;67,54;84,03
bert-base;MAX_AVGL4L;torch.Size([768]);1,00;12,00;0,00;77,83;78,44;93,36;87,01;83,96;85,40;72,06;82,58
bert-base;AVG-NS_AVGL4L;torch.Size([768]);1,00;12,00;0,00;80,90;84,69;94,32;87,75;85,72;89,20;74,43;85,29
bert-base;SUM-NS_AVGL4L;torch.Size([768]);1,00;12,00;0,00;78,30;84,21;93,95;86,76;86,16;90,60;67,07;83,86
bert-base;MAX-NS_AVGL4L;torch.Size([768]);1,00;12,00;0,00;78,33;80,24;93,21;86,71;84,07;88,60;71,83;83,28
bert-base;CLS+AVG_AVGL4L;torch.Size([1536]);1,00;12,00;0,00;82,24;84,98;95,26;88,43;87,86;89,00;75,07;86,12
bert-base;CLS+SUM_AVGL4L;torch.Size([1536]);1,00;12,00;0,00;79,24;84,77;94,23;88,34;86,00;91,00;66,03;84,23
bert-base;CLS+MAX_AVGL4L;torch.Size([1536]);1,00;12,00;0,00;82,05;83,71;94,90;88,39;87,42;90,60;73,28;85,76
bert-base;CLS+AVG-NS_AVGL4L;torch.Size([1536]);1,00;12,00;0,00;82,02;85,67;95,08;88,99;87,37;90,20;74,96;86,33
bert-base;CLS+SUM-NS_AVGL4L;torch.Size([1536]);1,00;12,00;0,00;78,94;84,27;93,94;88,33;86,38;91,40;71,54;84,97
bert-base;CLS+MAX-NS_AVGL4L;torch.Size([1536]);1,00;12,00;0,00;81,79;84,53;94,92;88,50;87,37;90,80;72,81;85,82
bert-base;DY3_AVGL4L;torch.Size([2304]);1,00;12,00;0,00;81,53;85,22;94,97;88,58;83,42;91,00;70,96;85,10
bert-base;DY3-NS_AVGL4L;torch.Size([2304]);1,00;12,00;0,00;81,44;86,31;95,02;88,95;84,90;92,40;69,33;85,48
bert-base;DY5_AVGL4L;torch.Size([3840]);1,00;12,00;0,00;81,65;86,94;95,15;88,87;83,69;92,80;70,55;85,66
bert-base;DY5-NS_AVGL4L;torch.Size([3840]);1,00;12,00;0,00;81,69;86,41;95,10;68,77;50,08;93,40;67,65;77,59
bert-base;CLS_SUMALL;torch.Size([768]);1,00;12,00;0,00;79,86;82,86;94,78;86,61;86,49;88,80;66,49;83,70
bert-base;AVG_SUMALL;torch.Size([768]);1,00;12,00;0,00;80,03;83,34;94,85;88,33;85,94;91,60;66,09;84,31
bert-base;SUM_SUMALL;torch.Size([768]);1,00;12,00;0,00;74,31;79,81;92,37;85,78;85,67;86,20;66,32;81,49
bert-base;MAX_SUMALL;torch.Size([768]);1,00;12,00;0,00;71,92;63,47;89,68;86,84;82,32;85,40;65,68;77,90
bert-base;AVG-NS_SUMALL;torch.Size([768]);1,00;12,00;0,00;79,36;83,63;94,76;88,24;85,45;90,60;64,35;83,77
bert-base;SUM-NS_SUMALL;torch.Size([768]);1,00;12,00;0,00;74,21;80,32;92,85;85,25;83,80;86,20;65,97;81,23
bert-base;MAX-NS_SUMALL;torch.Size([768]);1,00;12,00;0,00;70,65;64,93;89,86;86,52;81,60;85,20;65,68;77,78
bert-base;CLS+AVG_SUMALL;torch.Size([1536]);1,00;12,00;0,00;80,81;84,11;94,95;88,26;86,99;93,80;66,49;85,06
bert-base;CLS+SUM_SUMALL;torch.Size([1536]);1,00;12,00;0,00;74,10;81,67;92,73;85,66;85,78;87,60;64,17;81,67
bert-base;CLS+MAX_SUMALL;torch.Size([1536]);1,00;12,00;0,00;76,34;74,09;93,03;86,76;86,00;90,00;66,61;81,83
bert-base;CLS+AVG-NS_SUMALL;torch.Size([1536]);1,00;12,00;0,00;80,50;83,63;94,94;88,58;87,20;92,60;68,64;85,16
bert-base;CLS+SUM-NS_SUMALL;torch.Size([1536]);1,00;12,00;0,00;73,70;81,40;92,45;85,81;84,73;87,60;67,13;81,83
bert-base;CLS+MAX-NS_SUMALL;torch.Size([1536]);1,00;12,00;0,00;76,99;73,96;92,83;86,86;86,05;90,80;66,20;81,96
bert-base;DY3_SUMALL;torch.Size([2304]);1,00;12,00;0,00;79,83;82,49;94,40;88,49;81,88;90,40;65,91;83,34
bert-base;DY3-NS_SUMALL;torch.Size([2304]);1,00;12,00;0,00;79,08;82,78;94,22;87,68;82,04;90,40;61,22;82,49
bert-base;DY5_SUMALL;torch.Size([3840]);1,00;12,00;0,00;79,28;82,51;94,43;87,27;82,98;91,60;67,83;83,70
bert-base;DY5-NS_SUMALL;torch.Size([3840]);1,00;12,00;0,00;78,05;82,81;94,21;68,77;50,08;91,20;63,77;75,56
bert-base;CLS_AVGALL;torch.Size([768]);1,00;12,00;0,00;80,01;73,09;93,92;87,37;85,72;75,00;67,83;80,42
bert-base;AVG_AVGALL;torch.Size([768]);1,00;12,00;0,00;79,68;83,31;94,04;89,07;83,86;89,00;69,39;84,05
bert-base;SUM_AVGALL;torch.Size([768]);1,00;12,00;0,00;79,07;82,12;93,80;88,32;85,67;89,40;66,14;83,50
bert-base;MAX_AVGALL;torch.Size([768]);1,00;12,00;0,00;75,79;71,90;92,10;87,88;80,40;81,80;69,57;79,92
bert-base;AVG-NS_AVGALL;torch.Size([768]);1,00;12,00;0,00;79,65;83,02;93,94;89,27;83,80;89,40;69,28;84,05
bert-base;SUM-NS_AVGALL;torch.Size([768]);1,00;12,00;0,00;78,78;81,06;93,14;88,41;85,28;89,80;66,26;83,25
bert-base;MAX-NS_AVGALL;torch.Size([768]);1,00;12,00;0,00;75,19;72,66;92,05;88,29;81,33;84,20;70,03;80,54
bert-base;CLS+AVG_AVGALL;torch.Size([1536]);1,00;12,00;0,00;80,59;82,49;94,59;89,40;86,27;89,80;74,09;85,32
bert-base;CLS+SUM_AVGALL;torch.Size([1536]);1,00;12,00;0,00;78,27;82,52;93,54;88,92;85,56;92,20;65,45;83,78
bert-base;CLS+MAX_AVGALL;torch.Size([1536]);1,00;12,00;0,00;80,22;81,06;93,65;88,73;86,11;87,80;72,81;84,34
bert-base;CLS+AVG-NS_AVGALL;torch.Size([1536]);1,00;12,00;0,00;80,54;82,60;94,80;89,70;86,22;89,60;74,61;85,44
bert-base;CLS+SUM-NS_AVGALL;torch.Size([1536]);1,00;12,00;0,00;78,64;82,01;93,54;89,01;85,39;92,20;65,91;83,81
bert-base;CLS+MAX-NS_AVGALL;torch.Size([1536]);1,00;12,00;0,00;80,33;80,98;93,80;88,87;86,33;88,00;72,00;84,33
bert-base;DY3_AVGALL;torch.Size([2304]);1,00;12,00;0,00;79,91;83,55;94,65;89,68;82,26;89,80;68,41;84,04
bert-base;DY3-NS_AVGALL;torch.Size([2304]);1,00;12,00;0,00;79,67;83,97;94,48;89,13;82,21;91,40;67,77;84,09
bert-base;DY5_AVGALL;torch.Size([3840]);1,00;12,00;0,00;80,21;84,56;94,91;88,95;82,54;91,40;68,29;84,41
bert-base;DY5-NS_AVGALL;torch.Size([3840]);1,00;12,00;0,00;80,20;84,24;94,88;68,77;50,08;94,00;68,00;77,17
roberta-base;CLS_LYR-7;torch.Size([768]);1,00;12,00;0,00;75,45;63,76;86,11;68,77;85,72;52,00;66,49;71,19
roberta-base;AVG_LYR-7;torch.Size([768]);1,00;12,00;0,00;84,22;86,94;94,17;87,59;90,61;89,40;66,49;85,63
roberta-base;SUM_LYR-7;torch.Size([768]);1,00;12,00;0,00;83,05;84,98;93,25;87,48;90,12;92,00;66,49;85,34
roberta-base;MAX_LYR-7;torch.Size([768]);1,00;12,00;0,00;79,49;73,64;91,90;86,54;87,26;85,60;65,51;81,42
roberta-base;AVG-NS_LYR-7;torch.Size([768]);1,00;12,00;0,00;84,27;87,58;93,98;87,67;90,66;91,00;66,49;85,95
roberta-base;SUM-NS_LYR-7;torch.Size([768]);1,00;12,00;0,00;83,54;85,64;93,72;87,54;90,28;92,40;66,49;85,66
roberta-base;MAX-NS_LYR-7;torch.Size([768]);1,00;12,00;0,00;79,51;74,20;91,51;86,73;87,15;85,80;65,51;81,49
roberta-base;CLS+AVG_LYR-7;torch.Size([1536]);1,00;12,00;0,00;83,65;84,16;93,66;87,40;90,55;88,80;72,46;85,81
roberta-base;CLS+SUM_LYR-7;torch.Size([1536]);1,00;12,00;0,00;83,59;86,09;94,07;87,61;89,79;91,80;67,59;85,79
roberta-base;CLS+MAX_LYR-7;torch.Size([1536]);1,00;12,00;0,00;79,42;74,12;92,15;86,79;88,58;85,80;72,35;82,74
roberta-base;CLS+AVG-NS_LYR-7;torch.Size([1536]);1,00;12,00;0,00;83,89;84,42;93,92;87,38;90,77;90,40;72,58;86,19
roberta-base;CLS+SUM-NS_LYR-7;torch.Size([1536]);1,00;12,00;0,00;83,59;86,99;94,38;87,95;89,73;92,60;67,19;86,06
roberta-base;CLS+MAX-NS_LYR-7;torch.Size([1536]);1,00;12,00;0,00;79,62;73,70;91,93;86,86;88,25;85,60;71,83;82,54
roberta-base;DY3_LYR-7;torch.Size([2304]);1,00;12,00;0,00;84,88;87,26;94,50;88,85;89,29;90,00;69,04;86,26
roberta-base;DY3-NS_LYR-7;torch.Size([2304]);1,00;12,00;0,00;84,93;88,11;94,59;88,65;89,68;91,40;66,72;86,30
roberta-base;DY5_LYR-7;torch.Size([3840]);1,00;12,00;0,00;85,19;88,63;94,18;88,30;89,24;89,20;64,81;85,65
roberta-base;DY5-NS_LYR-7;torch.Size([3840]);1,00;12,00;0,00;84,73;89,43;94,35;68,77;88,74;92,40;64,12;83,22
roberta-base;CLS_LYR-8;torch.Size([768]);1,00;12,00;0,00;71,42;63,76;81,64;68,77;81,16;45,00;66,49;68,32
roberta-base;AVG_LYR-8;torch.Size([768]);1,00;12,00;0,00;83,97;87,39;93,82;87,44;90,72;90,80;66,49;85,80
roberta-base;SUM_LYR-8;torch.Size([768]);1,00;12,00;0,00;83,66;87,26;94,31;87,24;90,77;92,80;63,54;85,65
roberta-base;MAX_LYR-8;torch.Size([768]);1,00;12,00;0,00;80,47;73,85;92,01;86,81;86,82;82,80;65,45;81,17
roberta-base;AVG-NS_LYR-8;torch.Size([768]);1,00;12,00;0,00;84,07;87,39;93,89;87,47;90,77;91,80;66,49;85,98
roberta-base;SUM-NS_LYR-8;torch.Size([768]);1,00;12,00;0,00;83,57;87,58;94,33;87,21;90,28;93,00;66,49;86,07
roberta-base;MAX-NS_LYR-8;torch.Size([768]);1,00;12,00;0,00;79,91;73,99;91,86;86,64;86,99;82,20;65,45;81,01
roberta-base;CLS+AVG_LYR-8;torch.Size([1536]);1,00;12,00;0,00;84,28;82,89;93,66;87,12;90,61;90,20;72,64;85,91
roberta-base;CLS+SUM_LYR-8;torch.Size([1536]);1,00;12,00;0,00;83,74;86,20;93,52;87,70;90,44;91,40;66,78;85,68
roberta-base;CLS+MAX_LYR-8;torch.Size([1536]);1,00;12,00;0,00;81,15;72,63;92,12;86,65;86,99;84,60;70,20;82,05
roberta-base;CLS+AVG-NS_LYR-8;torch.Size([1536]);1,00;12,00;0,00;84,67;83,29;93,70;87,44;90,77;87,60;72,35;85,69
roberta-base;CLS+SUM-NS_LYR-8;torch.Size([1536]);1,00;12,00;0,00;83,55;87,23;93,54;87,38;90,28;91,80;67,94;85,96
roberta-base;CLS+MAX-NS_LYR-8;torch.Size([1536]);1,00;12,00;0,00;80,90;74,20;92,26;86,78;86,93;85,20;71,59;82,55
roberta-base;DY3_LYR-8;torch.Size([2304]);1,00;12,00;0,00;84,61;88,13;94,70;88,62;90,06;89,60;67,30;86,15
roberta-base;DY3-NS_LYR-8;torch.Size([2304]);1,00;12,00;0,00;84,98;88,29;94,62;88,59;89,84;91,20;66,84;86,34
roberta-base;DY5_LYR-8;torch.Size([3840]);1,00;12,00;0,00;85,56;89,30;94,58;88,05;89,40;90,60;68,52;86,57
roberta-base;DY5-NS_LYR-8;torch.Size([3840]);1,00;12,00;0,00;85,46;89,38;94,60;68,77;89,57;92,40;65,91;83,73
roberta-base;CLS_LYR-9;torch.Size([768]);1,00;12,00;0,00;74,58;63,76;82,98;68,77;81,11;33,00;66,49;67,24
roberta-base;AVG_LYR-9;torch.Size([768]);1,00;12,00;0,00;84,10;86,52;93,69;86,99;90,50;88,00;66,49;85,18
roberta-base;SUM_LYR-9;torch.Size([768]);1,00;12,00;0,00;82,87;86,62;93,77;86,83;90,83;91,80;64,17;85,27
roberta-base;MAX_LYR-9;torch.Size([768]);1,00;12,00;0,00;79,66;72,34;91,49;85,82;86,33;82,60;66,49;80,68
roberta-base;AVG-NS_LYR-9;torch.Size([768]);1,00;12,00;0,00;83,62;86,97;93,70;87,27;90,72;88,20;66,49;85,28
roberta-base;SUM-NS_LYR-9;torch.Size([768]);1,00;12,00;0,00;82,91;86,62;93,81;87,02;90,88;91,20;66,49;85,56
roberta-base;MAX-NS_LYR-9;torch.Size([768]);1,00;12,00;0,00;78,95;70,73;91,22;85,99;86,27;85,00;66,49;80,66
roberta-base;CLS+AVG_LYR-9;torch.Size([1536]);1,00;12,00;0,00;83,47;83,15;93,73;87,47;90,44;86,00;73,16;85,35
roberta-base;CLS+SUM_LYR-9;torch.Size([1536]);1,00;12,00;0,00;82,56;86,54;93,81;86,93;90,44;92,20;66,55;85,58
roberta-base;CLS+MAX_LYR-9;torch.Size([1536]);1,00;12,00;0,00;78,98;68,48;91,68;85,96;87,15;84,40;70,72;81,05
roberta-base;CLS+AVG-NS_LYR-9;torch.Size([1536]);1,00;12,00;0,00;83,40;82,70;93,49;87,38;90,61;83,40;71,77;84,68
roberta-base;CLS+SUM-NS_LYR-9;torch.Size([1536]);1,00;12,00;0,00;82,70;86,25;93,47;86,68;90,50;90,80;66,03;85,20
roberta-base;CLS+MAX-NS_LYR-9;torch.Size([1536]);1,00;12,00;0,00;79,20;69,72;91,51;85,93;87,15;84,60;66,78;80,70
roberta-base;DY3_LYR-9;torch.Size([2304]);1,00;12,00;0,00;84,62;88,05;94,61;88,36;89,51;90,00;68,70;86,26
roberta-base;DY3-NS_LYR-9;torch.Size([2304]);1,00;12,00;0,00;84,65;87,74;94,74;87,94;89,79;91,60;67,36;86,26
roberta-base;DY5_LYR-9;torch.Size([3840]);1,00;12,00;0,00;84,92;88,26;94,98;87,58;89,79;89,80;68,58;86,27
roberta-base;DY5-NS_LYR-9;torch.Size([3840]);1,00;12,00;0,00;84,89;88,08;94,86;68,77;89,29;93,00;67,94;83,83
roberta-base;CLS_LYR-10;torch.Size([768]);1,00;12,00;0,00;76,08;63,76;85,89;68,77;80,83;38,00;66,49;68,55
roberta-base;AVG_LYR-10;torch.Size([768]);1,00;12,00;0,00;83,63;86,38;93,66;87,03;90,50;89,20;66,49;85,27
roberta-base;SUM_LYR-10;torch.Size([768]);1,00;12,00;0,00;83,07;86,54;94,01;86,46;90,28;92,40;66,43;85,60
roberta-base;MAX_LYR-10;torch.Size([768]);1,00;12,00;0,00;79,18;70,89;91,40;86,08;87,04;84,20;66,49;80,75
roberta-base;AVG-NS_LYR-10;torch.Size([768]);1,00;12,00;0,00;83,26;86,38;93,78;87,08;90,50;89,20;66,49;85,24
roberta-base;SUM-NS_LYR-10;torch.Size([768]);1,00;12,00;0,00;83,07;86,54;94,26;86,59;89,62;90,80;63,01;84,84
roberta-base;MAX-NS_LYR-10;torch.Size([768]);1,00;12,00;0,00;79,44;70,73;91,72;86,34;87,70;84,20;66,49;80,95
roberta-base;CLS+AVG_LYR-10;torch.Size([1536]);1,00;12,00;0,00;82,40;82,01;93,47;86,52;90,06;88,40;75,07;85,42
roberta-base;CLS+SUM_LYR-10;torch.Size([1536]);1,00;12,00;0,00;83,13;86,55;93,73;86,99;89,51;92,20;67,25;85,62
roberta-base;CLS+MAX_LYR-10;torch.Size([1536]);1,00;12,00;0,00;79,87;69,96;92,12;85,94;87,92;83,80;71,36;81,57
roberta-base;CLS+AVG-NS_LYR-10;torch.Size([1536]);1,00;12,00;0,00;82,75;82,73;93,64;87,59;90,44;89,60;75,07;85,97
roberta-base;CLS+SUM-NS_LYR-10;torch.Size([1536]);1,00;12,00;0,00;83,55;86,23;93,52;87,09;89,35;93,20;66,96;85,70
roberta-base;CLS+MAX-NS_LYR-10;torch.Size([1536]);1,00;12,00;0,00;79,90;69,72;91,91;86,22;87,70;84,40;70,61;81,49
roberta-base;DY3_LYR-10;torch.Size([2304]);1,00;12,00;0,00;83,94;87,23;94,62;88,26;89,18;90,60;68,75;86,08
roberta-base;DY3-NS_LYR-10;torch.Size([2304]);1,00;12,00;0,00;83,69;88,21;94,42;87,77;89,02;91,00;66,67;85,83
roberta-base;DY5_LYR-10;torch.Size([3840]);1,00;12,00;0,00;84,55;88,29;95,27;87,47;89,35;89,00;68,12;86,01
roberta-base;DY5-NS_LYR-10;torch.Size([3840]);1,00;12,00;0,00;83,95;87,44;94,63;68,77;88,03;92,80;66,20;83,12
roberta-base;CLS_LYR-11;torch.Size([768]);1,00;12,00;0,00;77,53;63,76;85,77;68,77;83,09;47,00;66,49;70,34
roberta-base;AVG_LYR-11;torch.Size([768]);1,00;12,00;0,00;82,52;84,42;93,55;86,17;89,51;87,80;66,49;84,35
roberta-base;SUM_LYR-11;torch.Size([768]);1,00;12,00;0,00;82,18;86,20;93,31;86,06;88,74;91,20;66,72;84,92
roberta-base;MAX_LYR-11;torch.Size([768]);1,00;12,00;0,00;77,65;70,12;92,04;84,80;85,34;82,00;66,49;79,78
roberta-base;AVG-NS_LYR-11;torch.Size([768]);1,00;12,00;0,00;82,65;85,27;93,75;86,11;89,68;86,60;63,71;83,97
roberta-base;SUM-NS_LYR-11;torch.Size([768]);1,00;12,00;0,00;82,07;86,68;93,50;85,86;89,40;92,80;62,78;84,73
roberta-base;MAX-NS_LYR-11;torch.Size([768]);1,00;12,00;0,00;77,80;70,86;92,44;84,91;85,01;82,40;66,49;79,99
roberta-base;CLS+AVG_LYR-11;torch.Size([1536]);1,00;12,00;0,00;82,58;80,66;93,87;86,40;89,95;83,20;73,62;84,33
roberta-base;CLS+SUM_LYR-11;torch.Size([1536]);1,00;12,00;0,00;82,13;85,85;93,72;86,09;89,46;92,40;65,91;85,08
roberta-base;CLS+MAX_LYR-11;torch.Size([1536]);1,00;12,00;0,00;78,88;71,81;92,42;85,04;86,38;82,00;72,00;81,22
roberta-base;CLS+AVG-NS_LYR-11;torch.Size([1536]);1,00;12,00;0,00;82,84;80,87;93,80;86,44;89,73;88,20;74,14;85,15
roberta-base;CLS+SUM-NS_LYR-11;torch.Size([1536]);1,00;12,00;0,00;81,93;85,48;93,87;85,80;89,84;92,20;67,25;85,20
roberta-base;CLS+MAX-NS_LYR-11;torch.Size([1536]);1,00;12,00;0,00;78,61;70,83;92,46;85,21;86,16;82,40;70,26;80,85
roberta-base;DY3_LYR-11;torch.Size([2304]);1,00;12,00;0,00;84,05;86,92;94,81;87,80;88,30;90,60;68,23;85,82
roberta-base;DY3-NS_LYR-11;torch.Size([2304]);1,00;12,00;0,00;83,83;86,33;94,87;87,31;87,64;90,80;68,81;85,66
roberta-base;DY5_LYR-11;torch.Size([3840]);1,00;12,00;0,00;83,90;86,57;95,21;86,95;87,75;89,20;68,93;85,50
roberta-base;DY5-NS_LYR-11;torch.Size([3840]);1,00;12,00;0,00;83,73;86,67;94,96;68,77;87,86;91,00;67,36;82,91
roberta-base;CLS_LYR-12;torch.Size([768]);1,00;12,00;0,00;77,47;63,76;91,50;68,77;84,62;50,20;66,49;71,83
roberta-base;AVG_LYR-12;torch.Size([768]);1,00;12,00;0,00;80,91;79,10;93,18;83,66;87,81;78,80;66,49;81,42
roberta-base;SUM_LYR-12;torch.Size([768]);1,00;12,00;0,00;82,51;85,46;94,70;84,73;89,46;91,00;66,49;84,91
roberta-base;MAX_LYR-12;torch.Size([768]);1,00;12,00;0,00;75,74;63,81;91,43;80,67;82,87;78,80;68,99;77,47
roberta-base;AVG-NS_LYR-12;torch.Size([768]);1,00;12,00;0,00;80,89;77,38;93,29;84,47;88,41;80,00;66,49;81,56
roberta-base;SUM-NS_LYR-12;torch.Size([768]);1,00;12,00;0,00;82,43;84,77;94,61;84,75;89,18;91,20;66,49;84,78
roberta-base;MAX-NS_LYR-12;torch.Size([768]);1,00;12,00;0,00;75,76;63,87;91,47;82,04;82,87;78,80;68,99;77,69
roberta-base;CLS+AVG_LYR-12;torch.Size([1536]);1,00;12,00;0,00;81,49;77,54;93,12;83,80;87,86;80,60;74,26;82,67
roberta-base;CLS+SUM_LYR-12;torch.Size([1536]);1,00;12,00;0,00;82,44;85,38;94,19;85,10;88,80;93,20;67,94;85,29
roberta-base;CLS+MAX_LYR-12;torch.Size([1536]);1,00;12,00;0,00;77,21;63,79;92,30;83,57;85,34;75,40;72,41;78,57
roberta-base;CLS+AVG-NS_LYR-12;torch.Size([1536]);1,00;12,00;0,00;81,33;76,95;93,06;84,58;87,70;80,60;74,32;82,65
roberta-base;CLS+SUM-NS_LYR-12;torch.Size([1536]);1,00;12,00;0,00;82,70;86,01;94,14;85,36;89,07;93,20;67,83;85,47
roberta-base;CLS+MAX-NS_LYR-12;torch.Size([1536]);1,00;12,00;0,00;77,80;63,79;92,30;83,66;84,51;75,60;72,46;78,59
roberta-base;DY3_LYR-12;torch.Size([2304]);1,00;12,00;0,00;82,35;81,72;93,99;85,52;87,04;87,20;69,04;83,84
roberta-base;DY3-NS_LYR-12;torch.Size([2304]);1,00;12,00;0,00;82,26;82,91;93,97;85,34;86,71;88,40;68,75;84,05
roberta-base;DY5_LYR-12;torch.Size([3840]);1,00;12,00;0,00;82,66;83,55;94,17;85,81;86,11;86,20;68,29;83,83
roberta-base;DY5-NS_LYR-12;torch.Size([3840]);1,00;12,00;0,00;82,95;83,74;94,26;68,77;87,15;91,00;70,03;82,56
roberta-base;CLS_SUML4L;torch.Size([768]);1,00;12,00;0,00;77,82;63,76;91,07;68,77;84,84;42,80;66,49;70,79
roberta-base;AVG_SUML4L;torch.Size([768]);1,00;12,00;0,00;84,21;88,19;94,10;87,14;90,06;93,20;62,61;85,64
roberta-base;SUM_SUML4L;torch.Size([768]);1,00;12,00;0,00;79,85;83,76;93,03;85,66;89,40;88,20;66,09;83,71
roberta-base;MAX_SUML4L;torch.Size([768]);1,00;12,00;0,00;78,51;70,38;92,15;85,33;86,38;87,40;66,49;80,95
roberta-base;AVG-NS_SUML4L;torch.Size([768]);1,00;12,00;0,00;84,27;88,05;94,15;87,06;90,12;92,00;66,49;86,02
roberta-base;SUM-NS_SUML4L;torch.Size([768]);1,00;12,00;0,00;79,94;85,83;93,02;85,61;89,35;91,00;66,49;84,46
roberta-base;MAX-NS_SUML4L;torch.Size([768]);1,00;12,00;0,00;78,57;71,89;92,07;85,55;86,33;87,80;66,49;81,24
roberta-base;CLS+AVG_SUML4L;torch.Size([1536]);1,00;12,00;0,00;83,88;86,81;94,05;87,09;89,79;92,20;69,74;86,22
roberta-base;CLS+SUM_SUML4L;torch.Size([1536]);1,00;12,00;0,00;80,74;86,04;92,95;86,20;89,02;90,60;65,28;84,40
roberta-base;CLS+MAX_SUML4L;torch.Size([1536]);1,00;12,00;0,00;79,70;76,58;92,99;86,42;86,49;88,00;65,62;82,26
roberta-base;CLS+AVG-NS_SUML4L;torch.Size([1536]);1,00;12,00;0,00;84,23;86,09;94,18;87,19;90,50;92,40;70,43;86,43
roberta-base;CLS+SUM-NS_SUML4L;torch.Size([1536]);1,00;12,00;0,00;80,80;84,69;92,96;86,07;89,29;90,40;66,49;84,39
roberta-base;CLS+MAX-NS_SUML4L;torch.Size([1536]);1,00;12,00;0,00;79,46;74,51;93,03;86,15;86,38;88,20;66,61;82,05
roberta-base;DY3_SUML4L;torch.Size([2304]);1,00;12,00;0,00;84,96;88,45;95,23;88,28;89,40;91,00;67,59;86,42
roberta-base;DY3-NS_SUML4L;torch.Size([2304]);1,00;12,00;0,00;84,66;88,61;95,55;87,35;89,29;91,00;66,49;86,14
roberta-base;DY5_SUML4L;torch.Size([3840]);1,00;12,00;0,00;84,86;88,16;95,53;87,41;88,58;90,80;65,04;85,77
roberta-base;DY5-NS_SUML4L;torch.Size([3840]);1,00;12,00;0,00;84,71;88,34;95,38;68,77;88,08;93,60;64,17;83,29
roberta-base;CLS_AVGL4L;torch.Size([768]);1,00;12,00;0,00;77,74;63,76;89,96;68,77;83,53;38,80;66,49;69,86
roberta-base;AVG_AVGL4L;torch.Size([768]);1,00;12,00;0,00;83,10;85,14;93,67;86,39;90,39;85,00;66,49;84,31
roberta-base;SUM_AVGL4L;torch.Size([768]);1,00;12,00;0,00;83,09;87,21;93,98;86,44;90,28;93,20;65,80;85,71
roberta-base;MAX_AVGL4L;torch.Size([768]);1,00;12,00;0,00;78,98;70,09;92,02;85,96;86,11;83,80;66,49;80,49
roberta-base;AVG-NS_AVGL4L;torch.Size([768]);1,00;12,00;0,00;83,26;85,70;93,44;86,69;90,33;90,20;66,49;85,16
roberta-base;SUM-NS_AVGL4L;torch.Size([768]);1,00;12,00;0,00;83,40;87,05;94,04;86,46;90,39;92,60;66,49;85,78
roberta-base;MAX-NS_AVGL4L;torch.Size([768]);1,00;12,00;0,00;79,17;70,09;92,25;85,69;85,83;83,80;66,49;80,47
roberta-base;CLS+AVG_AVGL4L;torch.Size([1536]);1,00;12,00;0,00;82,85;78,91;93,89;86,85;90,17;89,80;74,67;85,31
roberta-base;CLS+SUM_AVGL4L;torch.Size([1536]);1,00;12,00;0,00;83,86;86,91;93,31;86,91;90,23;92,00;66,32;85,65
roberta-base;CLS+MAX_AVGL4L;torch.Size([1536]);1,00;12,00;0,00;78,82;68,24;92,48;86,11;86,11;80,60;72,81;80,74
roberta-base;CLS+AVG-NS_AVGL4L;torch.Size([1536]);1,00;12,00;0,00;82,64;82,75;93,89;87,01;90,12;88,40;75,19;85,71
roberta-base;CLS+SUM-NS_AVGL4L;torch.Size([1536]);1,00;12,00;0,00;83,41;87,26;93,09;86,82;90,12;91,80;66,20;85,53
roberta-base;CLS+MAX-NS_AVGL4L;torch.Size([1536]);1,00;12,00;0,00;79,32;69,67;92,42;86,37;85,72;84,80;72,06;81,48
roberta-base;DY3_AVGL4L;torch.Size([2304]);1,00;12,00;0,00;83,94;87,05;94,56;88,02;89,13;88,40;68,64;85,68
roberta-base;DY3-NS_AVGL4L;torch.Size([2304]);1,00;12,00;0,00;83,75;86,07;94,61;87,15;89,40;90,20;67,59;85,54
roberta-base;DY5_AVGL4L;torch.Size([3840]);1,00;12,00;0,00;84,66;87,26;95,06;87,41;88,58;89,00;65,28;85,32
roberta-base;DY5-NS_AVGL4L;torch.Size([3840]);1,00;12,00;0,00;84,22;88,37;94,78;68,77;88,41;91,20;66,61;83,19
roberta-base;CLS_SUMALL;torch.Size([768]);1,00;12,00;0,00;75,53;63,76;88,77;68,77;85,17;39,00;66,49;69,64
roberta-base;AVG_SUMALL;torch.Size([768]);1,00;12,00;0,00;83,46;87,76;94,71;87,90;90,23;90,40;62,78;85,32
roberta-base;SUM_SUMALL;torch.Size([768]);1,00;12,00;0,00;78,20;83,34;92,81;85,46;89,35;88,00;62,43;82,80
roberta-base;MAX_SUMALL;torch.Size([768]);1,00;12,00;0,00;74,49;64,63;90,16;85,24;86,44;86,00;64,99;78,85
roberta-base;AVG-NS_SUMALL;torch.Size([768]);1,00;12,00;0,00;83,57;87,39;94,45;88,11;90,50;90,60;66,49;85,87
roberta-base;SUM-NS_SUMALL;torch.Size([768]);1,00;12,00;0,00;78,34;83,13;92,60;85,52;89,51;88,40;66,43;83,42
roberta-base;MAX-NS_SUMALL;torch.Size([768]);1,00;12,00;0,00;74,84;64,32;90,26;85,79;86,11;86,40;64,87;78,94
roberta-base;CLS+AVG_SUMALL;torch.Size([1536]);1,00;12,00;0,00;83,34;85,99;94,46;87,99;90,88;90,00;68,29;85,85
roberta-base;CLS+SUM_SUMALL;torch.Size([1536]);1,00;12,00;0,00;79,07;85,56;92,89;85,71;89,95;87,20;67,13;83,93
roberta-base;CLS+MAX_SUMALL;torch.Size([1536]);1,00;12,00;0,00;77,74;71,21;90,95;85,95;87,48;89,60;63,30;80,89
roberta-base;CLS+AVG-NS_SUMALL;torch.Size([1536]);1,00;12,00;0,00;83,19;86,65;94,51;87,65;90,23;89,80;67,65;85,67
roberta-base;CLS+SUM-NS_SUMALL;torch.Size([1536]);1,00;12,00;0,00;79,37;83,26;93,19;86,07;87,75;87,80;65,39;83,26
roberta-base;CLS+MAX-NS_SUMALL;torch.Size([1536]);1,00;12,00;0,00;78,02;69,25;91,30;86,11;87,10;88,20;66,49;80,92
roberta-base;DY3_SUMALL;torch.Size([2304]);1,00;12,00;0,00;83,85;87,76;95,05;89,07;89,57;91,00;66,49;86,11
roberta-base;DY3-NS_SUMALL;torch.Size([2304]);1,00;12,00;0,00;84,22;87,95;95,16;88,15;89,62;90,60;65,10;85,83
roberta-base;DY5_SUMALL;torch.Size([3840]);1,00;12,00;0,00;83,65;86,33;94,35;87,13;88,58;87,80;65,28;84,73
roberta-base;DY5-NS_SUMALL;torch.Size([3840]);1,00;12,00;0,00;83,32;86,49;94,97;68,77;87,37;88,80;65,33;82,15
roberta-base;CLS_AVGALL;torch.Size([768]);1,00;12,00;0,00;72,33;63,76;84,74;68,77;81,60;34,80;66,49;67,50
roberta-base;AVG_AVGALL;torch.Size([768]);1,00;12,00;0,00;82,68;84,53;93,40;87,76;89,51;91,00;66,49;85,05
roberta-base;SUM_AVGALL;torch.Size([768]);1,00;12,00;0,00;82,48;85,80;93,89;87,56;89,90;91,20;66,49;85,33
roberta-base;MAX_AVGALL;torch.Size([768]);1,00;12,00;0,00;77,84;66,39;91,55;85,98;86,99;76,80;65,28;78,69
roberta-base;AVG-NS_AVGALL;torch.Size([768]);1,00;12,00;0,00;82,74;83,76;93,37;87,84;89,51;91,00;66,49;84,96
roberta-base;SUM-NS_AVGALL;torch.Size([768]);1,00;12,00;0,00;82,19;85,77;93,80;87,74;89,90;92,00;66,38;85,40
roberta-base;MAX-NS_AVGALL;torch.Size([768]);1,00;12,00;0,00;77,89;69,59;91,55;86,16;86,55;76,80;65,39;79,13
roberta-base;CLS+AVG_AVGALL;torch.Size([1536]);1,00;12,00;0,00;82,72;77,93;93,56;87,64;89,79;88,20;71,83;84,52
roberta-base;CLS+SUM_AVGALL;torch.Size([1536]);1,00;12,00;0,00;82,91;85,03;93,74;87,56;89,79;90,40;67,77;85,31
roberta-base;CLS+MAX_AVGALL;torch.Size([1536]);1,00;12,00;0,00;78,31;63,87;91,44;86,15;85,45;78,20;72,12;79,36
roberta-base;CLS+AVG-NS_AVGALL;torch.Size([1536]);1,00;12,00;0,00;82,67;78,76;93,50;87,80;89,84;88,60;72,99;84,88
roberta-base;CLS+SUM-NS_AVGALL;torch.Size([1536]);1,00;12,00;0,00;83,38;85,22;93,89;87,53;89,79;91,40;67,59;85,54
roberta-base;CLS+MAX-NS_AVGALL;torch.Size([1536]);1,00;12,00;0,00;78,12;63,92;91,68;86,09;86,99;77,00;73,39;79,60
roberta-base;DY3_AVGALL;torch.Size([2304]);1,00;12,00;0,00;83,81;84,24;94,52;88,69;89,62;89,40;68,23;85,50
roberta-base;DY3-NS_AVGALL;torch.Size([2304]);1,00;12,00;0,00;83,34;85,69;94,13;88,51;89,02;89,40;67,48;85,37
roberta-base;DY5_AVGALL;torch.Size([3840]);1,00;12,00;0,00;83,87;86,07;94,49;88,34;88,58;88,60;65,74;85,10
roberta-base;DY5-NS_AVGALL;torch.Size([3840]);1,00;12,00;0,00;83,36;85,91;94,46;68,77;87,70;90,40;61,16;81,68
deberta-base;CLS_LYR-7;torch.Size([768]);1,00;12,00;0,00;53,06;63,76;55,80;68,77;49,92;18,80;66,49;53,80
deberta-base;AVG_LYR-7;torch.Size([768]);1,00;12,00;0,00;82,99;82,73;94,00;90,25;90,77;92,60;75,48;86,97
deberta-base;SUM_LYR-7;torch.Size([768]);1,00;12,00;0,00;83,20;87,52;94,46;90,08;90,99;94,80;68,93;87,14
deberta-base;MAX_LYR-7;torch.Size([768]);1,00;12,00;0,00;80,84;79,18;91,94;89,38;87,75;89,60;74,32;84,72
deberta-base;AVG-NS_LYR-7;torch.Size([768]);1,00;12,00;0,00;83,35;83,05;94,18;90,34;90,88;93,60;75,48;87,27
deberta-base;SUM-NS_LYR-7;torch.Size([768]);1,00;12,00;0,00;83,30;87,47;94,52;90,54;90,94;94,60;66,61;86,85
deberta-base;MAX-NS_LYR-7;torch.Size([768]);1,00;12,00;0,00;80,89;79,18;91,94;89,79;87,64;89,60;74,32;84,77
deberta-base;CLS+AVG_LYR-7;torch.Size([1536]);1,00;12,00;0,00;83,47;85,99;94,15;89,89;90,72;93,60;75,83;87,66
deberta-base;CLS+SUM_LYR-7;torch.Size([1536]);1,00;12,00;0,00;82,87;88,48;94,66;90,20;90,12;96,00;71,59;87,70
deberta-base;CLS+MAX_LYR-7;torch.Size([1536]);1,00;12,00;0,00;80,27;77,78;92,08;89,13;87,10;92,00;71,59;84,28
deberta-base;CLS+AVG-NS_LYR-7;torch.Size([1536]);1,00;12,00;0,00;83,42;86,62;94,09;90,44;90,94;94,00;76,06;87,94
deberta-base;CLS+SUM-NS_LYR-7;torch.Size([1536]);1,00;12,00;0,00;83,69;87,10;94,65;90,21;90,06;96,00;71,77;87,64
deberta-base;CLS+MAX-NS_LYR-7;torch.Size([1536]);1,00;12,00;0,00;80,44;77,78;92,08;89,19;87,10;92,00;71,59;84,31
deberta-base;DY3_LYR-7;torch.Size([2304]);1,00;12,00;0,00;84,49;87,95;94,68;90,31;89,40;89,40;68,46;86,38
deberta-base;DY3-NS_LYR-7;torch.Size([2304]);1,00;12,00;0,00;84,35;88,90;94,99;68,77;89,57;94,00;67,65;84,03
deberta-base;DY5_LYR-7;torch.Size([3840]);1,00;12,00;0,00;84,32;88,80;95,13;68,77;88,96;84,60;63,07;81,95
deberta-base;DY5-NS_LYR-7;torch.Size([3840]);1,00;12,00;0,00;83,79;89,38;95,59;68,77;50,08;94,20;70,03;78,83
deberta-base;CLS_LYR-8;torch.Size([768]);1,00;12,00;0,00;54,81;63,76;58,97;68,77;49,92;18,80;66,49;54,50
deberta-base;AVG_LYR-8;torch.Size([768]);1,00;12,00;0,00;85,02;87,50;94,66;89,66;91,54;93,60;75,94;88,27
deberta-base;SUM_LYR-8;torch.Size([768]);1,00;12,00;0,00;84,47;87,79;94,44;89,67;91,65;95,20;68,46;87,38
deberta-base;MAX_LYR-8;torch.Size([768]);1,00;12,00;0,00;82,35;79,68;92,74;89,03;89,07;89,80;72,06;84,96
deberta-base;AVG-NS_LYR-8;torch.Size([768]);1,00;12,00;0,00;85,08;87,42;94,62;90,21;91,43;94,00;76,12;88,41
deberta-base;SUM-NS_LYR-8;torch.Size([768]);1,00;12,00;0,00;84,20;88,37;94,45;89,74;91,60;95,20;68,12;87,38
deberta-base;MAX-NS_LYR-8;torch.Size([768]);1,00;12,00;0,00;82,36;79,71;92,74;89,45;89,02;89,20;72,06;84,93
deberta-base;CLS+AVG_LYR-8;torch.Size([1536]);1,00;12,00;0,00;85,28;86,81;94,65;89,60;91,65;93,80;75,48;88,18
deberta-base;CLS+SUM_LYR-8;torch.Size([1536]);1,00;12,00;0,00;85,65;89,40;95,01;89,56;91,60;96,00;70,55;88,25
deberta-base;CLS+MAX_LYR-8;torch.Size([1536]);1,00;12,00;0,00;82,62;77,94;92,24;88,42;88,80;92,40;72,46;84,98
deberta-base;CLS+AVG-NS_LYR-8;torch.Size([1536]);1,00;12,00;0,00;85,20;88,24;94,58;90,29;91,60;94,60;75,65;88,59
deberta-base;CLS+SUM-NS_LYR-8;torch.Size([1536]);1,00;12,00;0,00;85,23;89,19;94,99;89,61;91,65;96,00;70,32;88,14
deberta-base;CLS+MAX-NS_LYR-8;torch.Size([1536]);1,00;12,00;0,00;82,65;77,91;92,24;88,87;88,69;90,80;72,46;84,80
deberta-base;DY3_LYR-8;torch.Size([2304]);1,00;12,00;0,00;84,52;88,82;94,92;90,14;90,77;91,80;68,93;87,13
deberta-base;DY3-NS_LYR-8;torch.Size([2304]);1,00;12,00;0,00;85,88;88,90;94,92;68,77;91,16;93,80;66,67;84,30
deberta-base;DY5_LYR-8;torch.Size([3840]);1,00;12,00;0,00;86,00;89,93;95,15;68,77;90,50;87,20;63,42;83,00
deberta-base;DY5-NS_LYR-8;torch.Size([3840]);1,00;12,00;0,00;85,45;89,80;95,42;68,77;50,08;94,60;70,32;79,21
deberta-base;CLS_LYR-9;torch.Size([768]);1,00;12,00;0,00;78,06;63,76;87,83;68,77;80,34;18,80;66,49;66,29
deberta-base;AVG_LYR-9;torch.Size([768]);1,00;12,00;0,00;85,72;88,56;93,98;89,87;91,76;92,20;74,72;88,12
deberta-base;SUM_LYR-9;torch.Size([768]);1,00;12,00;0,00;85,67;88,85;94,66;89,25;91,38;96,00;66,32;87,45
deberta-base;MAX_LYR-9;torch.Size([768]);1,00;12,00;0,00;83,13;79,26;92,27;88,83;89,07;91,40;73,04;85,29
deberta-base;AVG-NS_LYR-9;torch.Size([768]);1,00;12,00;0,00;85,89;88,42;94,19;90,09;91,71;93,20;75,07;88,37
deberta-base;SUM-NS_LYR-9;torch.Size([768]);1,00;12,00;0,00;85,86;89,22;94,13;89,15;91,43;96,00;66,61;87,49
deberta-base;MAX-NS_LYR-9;torch.Size([768]);1,00;12,00;0,00;82,78;78,04;92,36;89,20;89,07;91,40;73,10;85,14
deberta-base;CLS+AVG_LYR-9;torch.Size([1536]);1,00;12,00;0,00;85,97;88,88;94,34;89,59;91,76;92,00;76,00;88,36
deberta-base;CLS+SUM_LYR-9;torch.Size([1536]);1,00;12,00;0,00;86,32;90,54;94,45;89,51;91,87;96,40;68,00;88,16
deberta-base;CLS+MAX_LYR-9;torch.Size([1536]);1,00;12,00;0,00;82,97;78,78;92,22;88,62;89,29;91,60;72,52;85,14
deberta-base;CLS+AVG-NS_LYR-9;torch.Size([1536]);1,00;12,00;0,00;85,98;89,22;94,45;90,20;91,82;93,40;74,55;88,52
deberta-base;CLS+SUM-NS_LYR-9;torch.Size([1536]);1,00;12,00;0,00;86,25;90,46;94,45;89,74;91,87;96,40;68,29;88,21
deberta-base;CLS+MAX-NS_LYR-9;torch.Size([1536]);1,00;12,00;0,00;82,96;78,81;92,22;88,99;89,24;91,60;72,75;85,22
deberta-base;DY3_LYR-9;torch.Size([2304]);1,00;12,00;0,00;86,99;89,80;95,12;89,66;91,43;91,20;68,12;87,47
deberta-base;DY3-NS_LYR-9;torch.Size([2304]);1,00;12,00;0,00;86,10;89,99;95,04;68,77;91,43;91,80;68,00;84,45
deberta-base;DY5_LYR-9;torch.Size([3840]);1,00;12,00;0,00;86,96;89,91;95,64;68,77;90,77;84,80;65,74;83,23
deberta-base;DY5-NS_LYR-9;torch.Size([3840]);1,00;12,00;0,00;86,79;90,81;95,83;68,77;50,08;94,20;69,39;79,41
deberta-base;CLS_LYR-10;torch.Size([768]);1,00;12,00;0,00;67,00;63,76;67,90;68,77;49,92;19,00;66,49;57,55
deberta-base;AVG_LYR-10;torch.Size([768]);1,00;12,00;0,00;86,81;89,09;94,15;89,02;92,42;90,00;74,84;88,05
deberta-base;SUM_LYR-10;torch.Size([768]);1,00;12,00;0,00;85,87;89,40;94,27;89,45;92,37;94,80;66,49;87,52
deberta-base;MAX_LYR-10;torch.Size([768]);1,00;12,00;0,00;83,91;81,86;92,24;89,10;90,33;87,00;71,30;85,11
deberta-base;AVG-NS_LYR-10;torch.Size([768]);1,00;12,00;0,00;86,80;89,11;94,42;89,77;92,42;90,20;75,13;88,26
deberta-base;SUM-NS_LYR-10;torch.Size([768]);1,00;12,00;0,00;85,75;89,14;94,35;89,63;92,31;94,80;67,83;87,69
deberta-base;MAX-NS_LYR-10;torch.Size([768]);1,00;12,00;0,00;83,90;82,28;92,25;89,15;90,44;87,00;71,30;85,19
deberta-base;CLS+AVG_LYR-10;torch.Size([1536]);1,00;12,00;0,00;86,81;89,93;94,40;89,16;92,37;90,80;74,96;88,35
deberta-base;CLS+SUM_LYR-10;torch.Size([1536]);1,00;12,00;0,00;86,85;90,07;94,56;89,45;92,15;96,40;67,65;88,16
deberta-base;CLS+MAX_LYR-10;torch.Size([1536]);1,00;12,00;0,00;84,14;81,51;92,24;88,64;90,17;88,00;72,46;85,31
deberta-base;CLS+AVG-NS_LYR-10;torch.Size([1536]);1,00;12,00;0,00;86,61;89,88;94,44;89,97;92,20;92,40;75,30;88,69
deberta-base;CLS+SUM-NS_LYR-10;torch.Size([1536]);1,00;12,00;0,00;86,02;90,20;94,95;89,75;92,15;96,40;72,12;88,80
deberta-base;CLS+MAX-NS_LYR-10;torch.Size([1536]);1,00;12,00;0,00;84,15;83,18;92,24;89,16;90,12;88,00;72,46;85,62
deberta-base;DY3_LYR-10;torch.Size([2304]);1,00;12,00;0,00;87,27;90,60;95,27;89,62;91,54;87,40;68,23;87,13
deberta-base;DY3-NS_LYR-10;torch.Size([2304]);1,00;12,00;0,00;86,74;90,68;95,09;68,77;91,65;91,60;68,00;84,65
deberta-base;DY5_LYR-10;torch.Size([3840]);1,00;12,00;0,00;87,49;91,07;96,01;68,77;91,54;85,60;68,06;84,08
deberta-base;DY5-NS_LYR-10;torch.Size([3840]);1,00;12,00;0,00;87,33;91,13;95,89;68,77;50,08;94,40;69,22;79,55
deberta-base;CLS_LYR-11;torch.Size([768]);1,00;12,00;0,00;77,63;63,76;85,94;72,41;84,29;35,60;66,20;69,40
deberta-base;AVG_LYR-11;torch.Size([768]);1,00;12,00;0,00;86,32;88,24;94,35;88,50;92,59;90,00;72,75;87,54
deberta-base;SUM_LYR-11;torch.Size([768]);1,00;12,00;0,00;86,26;88,05;94,34;89,27;92,04;94,00;69,91;87,70
deberta-base;MAX_LYR-11;torch.Size([768]);1,00;12,00;0,00;81,21;68,51;91,51;87,67;89,90;83,00;71,88;81,95
deberta-base;AVG-NS_LYR-11;torch.Size([768]);1,00;12,00;0,00;85,39;87,26;94,09;88,99;92,31;86,40;72,87;86,76
deberta-base;SUM-NS_LYR-11;torch.Size([768]);1,00;12,00;0,00;86,57;88,34;94,56;89,51;92,04;94,20;70,03;87,89
deberta-base;MAX-NS_LYR-11;torch.Size([768]);1,00;12,00;0,00;81,07;66,28;91,42;88,42;90,12;83,40;71,83;81,79
deberta-base;CLS+AVG_LYR-11;torch.Size([1536]);1,00;12,00;0,00;85,97;88,21;94,25;88,83;92,53;88,00;74,20;87,43
deberta-base;CLS+SUM_LYR-11;torch.Size([1536]);1,00;12,00;0,00;87,31;90,09;94,91;88,71;92,26;93,80;67,71;87,83
deberta-base;CLS+MAX_LYR-11;torch.Size([1536]);1,00;12,00;0,00;81,97;70,83;91,27;87,62;90,72;84,40;71,71;82,65
deberta-base;CLS+AVG-NS_LYR-11;torch.Size([1536]);1,00;12,00;0,00;85,90;88,08;94,36;89,44;92,15;90,20;72,58;87,53
deberta-base;CLS+SUM-NS_LYR-11;torch.Size([1536]);1,00;12,00;0,00;86,99;90,28;94,96;89,03;92,04;94,80;69,97;88,30
deberta-base;CLS+MAX-NS_LYR-11;torch.Size([1536]);1,00;12,00;0,00;82,22;70,76;91,77;88,17;90,61;84,40;71,71;82,81
deberta-base;DY3_LYR-11;torch.Size([2304]);1,00;12,00;0,00;86,61;88,24;94,98;89,63;91,98;85,00;69,39;86,55
deberta-base;DY3-NS_LYR-11;torch.Size([2304]);1,00;12,00;0,00;86,63;88,90;94,94;68,77;91,93;88,40;67,42;83,86
deberta-base;DY5_LYR-11;torch.Size([3840]);1,00;12,00;0,00;87,62;90,62;95,31;68,77;91,76;87,40;67,83;84,19
deberta-base;DY5-NS_LYR-11;torch.Size([3840]);1,00;12,00;0,00;87,10;89,62;95,36;68,77;50,08;93,60;68,99;79,07
deberta-base;CLS_LYR-12;torch.Size([768]);1,00;12,00;0,00;71,47;63,76;82,50;72,81;81,22;47,00;66,49;69,32
deberta-base;AVG_LYR-12;torch.Size([768]);1,00;12,00;0,00;84,17;83,05;93,03;84,97;91,05;83,00;70,03;84,19
deberta-base;SUM_LYR-12;torch.Size([768]);1,00;12,00;0,00;83,74;82,70;93,04;86,19;90,83;89,80;68,46;84,97
deberta-base;MAX_LYR-12;torch.Size([768]);1,00;12,00;0,00;75,31;63,18;87,34;82,09;86,22;77,60;66,20;76,85
deberta-base;AVG-NS_LYR-12;torch.Size([768]);1,00;12,00;0,00;84,40;82,83;92,95;86,26;91,10;82,80;70,09;84,35
deberta-base;SUM-NS_LYR-12;torch.Size([768]);1,00;12,00;0,00;83,30;83,13;93,50;86,56;91,10;89,80;67,77;85,02
deberta-base;MAX-NS_LYR-12;torch.Size([768]);1,00;12,00;0,00;75,51;63,26;87,28;83,05;86,77;77,60;66,20;77,10
deberta-base;CLS+AVG_LYR-12;torch.Size([1536]);1,00;12,00;0,00;84,01;83,42;92,85;85,04;91,65;83,20;69,74;84,27
deberta-base;CLS+SUM_LYR-12;torch.Size([1536]);1,00;12,00;0,00;82,56;84,82;93,94;86,45;90,66;90,40;66,03;84,98
deberta-base;CLS+MAX_LYR-12;torch.Size([1536]);1,00;12,00;0,00;77,75;63,87;88,42;80,87;88,30;79,40;66,72;77,90
deberta-base;CLS+AVG-NS_LYR-12;torch.Size([1536]);1,00;12,00;0,00;83,69;84,11;92,92;86,95;91,71;81,60;69,68;84,38
deberta-base;CLS+SUM-NS_LYR-12;torch.Size([1536]);1,00;12,00;0,00;83,10;85,09;94,05;86,88;90,88;90,80;64,46;85,04
deberta-base;CLS+MAX-NS_LYR-12;torch.Size([1536]);1,00;12,00;0,00;77,80;63,92;88,35;82,36;88,30;79,20;66,67;78,09
deberta-base;DY3_LYR-12;torch.Size([2304]);1,00;12,00;0,00;84,52;84,69;94,03;86,39;89,68;85,00;62,61;83,85
deberta-base;DY3-NS_LYR-12;torch.Size([2304]);1,00;12,00;0,00;84,27;86,86;93,67;68,77;89,40;85,60;66,49;82,15
deberta-base;DY5_LYR-12;torch.Size([3840]);1,00;12,00;0,00;84,97;86,75;94,06;68,77;89,68;67,00;65,04;79,47
deberta-base;DY5-NS_LYR-12;torch.Size([3840]);1,00;12,00;0,00;85,71;85,61;94,20;68,77;50,08;89,00;60,64;76,29
deberta-base;CLS_SUML4L;torch.Size([768]);1,00;12,00;0,00;76,91;63,76;83,52;74,39;86,27;39,00;66,20;70,01
deberta-base;AVG_SUML4L;torch.Size([768]);1,00;12,00;0,00;87,03;88,90;95,07;89,76;91,60;92,20;72,99;88,22
deberta-base;SUM_SUML4L;torch.Size([768]);1,00;12,00;0,00;83,31;86,20;93,46;89,16;90,72;92,60;66,38;85,98
deberta-base;MAX_SUML4L;torch.Size([768]);1,00;12,00;0,00;81,50;63,55;91,61;88,50;90,33;90,20;66,72;81,77
deberta-base;AVG-NS_SUML4L;torch.Size([768]);1,00;12,00;0,00;86,74;88,93;94,95;90,26;91,65;93,20;73,10;88,40
deberta-base;SUM-NS_SUML4L;torch.Size([768]);1,00;12,00;0,00;83,28;87,05;93,14;88,62;90,77;93,80;66,43;86,16
deberta-base;MAX-NS_SUML4L;torch.Size([768]);1,00;12,00;0,00;81,51;64,56;91,45;88,80;90,23;91,20;66,61;82,05
deberta-base;CLS+AVG_SUML4L;torch.Size([1536]);1,00;12,00;0,00;86,89;89,80;94,80;89,85;92,86;93,60;74,20;88,86
deberta-base;CLS+SUM_SUML4L;torch.Size([1536]);1,00;12,00;0,00;84,66;88,58;94,29;88,75;91,76;90,80;64,35;86,17
deberta-base;CLS+MAX_SUML4L;torch.Size([1536]);1,00;12,00;0,00;83,17;79,71;92,63;88,15;90,44;90,40;69,86;84,91
deberta-base;CLS+AVG-NS_SUML4L;torch.Size([1536]);1,00;12,00;0,00;86,95;89,30;94,74;90,35;92,92;94,40;73,80;88,92
deberta-base;CLS+SUM-NS_SUML4L;torch.Size([1536]);1,00;12,00;0,00;84,44;88,40;93,97;88,98;91,76;92,60;66,20;86,62
deberta-base;CLS+MAX-NS_SUML4L;torch.Size([1536]);1,00;12,00;0,00;82,73;79,90;92,62;88,09;90,28;91,00;68,12;84,68
deberta-base;DY3_SUML4L;torch.Size([2304]);1,00;12,00;0,00;87,76;90,46;95,48;90,51;92,26;88,80;70,03;87,90
deberta-base;DY3-NS_SUML4L;torch.Size([2304]);1,00;12,00;0,00;87,58;89,99;95,34;68,77;91,38;93,20;69,16;85,06
deberta-base;DY5_SUML4L;torch.Size([3840]);1,00;12,00;0,00;87,34;90,12;95,84;68,77;90,77;80,40;69,33;83,22
deberta-base;DY5-NS_SUML4L;torch.Size([3840]);1,00;12,00;0,00;87,20;89,64;95,68;68,77;50,08;94,80;66,78;78,99
deberta-base;CLS_AVGL4L;torch.Size([768]);1,00;12,00;0,00;71,27;63,76;77,91;69,98;82,37;39,60;66,49;67,34
deberta-base;AVG_AVGL4L;torch.Size([768]);1,00;12,00;0,00;85,75;87,15;94,20;88,96;92,31;90,60;73,04;87,43
deberta-base;SUM_AVGL4L;torch.Size([768]);1,00;12,00;0,00;86,10;88,77;94,10;89,14;92,09;94,80;66,26;87,32
deberta-base;MAX_AVGL4L;torch.Size([768]);1,00;12,00;0,00;82,24;64,32;91,64;88,12;89,46;84,80;70,38;81,57
deberta-base;AVG-NS_AVGL4L;torch.Size([768]);1,00;12,00;0,00;85,77;86,97;94,32;89,88;92,37;91,00;71,71;87,43
deberta-base;SUM-NS_AVGL4L;torch.Size([768]);1,00;12,00;0,00;86,44;88,32;94,69;89,56;92,04;94,80;66,26;87,44
deberta-base;MAX-NS_AVGL4L;torch.Size([768]);1,00;12,00;0,00;82,35;64,34;91,67;88,48;89,24;81,60;70,55;81,18
deberta-base;CLS+AVG_AVGL4L;torch.Size([1536]);1,00;12,00;0,00;85,62;88,18;93,88;89,12;92,42;90,80;74,32;87,76
deberta-base;CLS+SUM_AVGL4L;torch.Size([1536]);1,00;12,00;0,00;86,59;90,01;95,48;89,44;91,71;94,80;71,07;88,44
deberta-base;CLS+MAX_AVGL4L;torch.Size([1536]);1,00;12,00;0,00;83,05;72,42;92,09;87,51;89,13;89,00;71,88;83,58
deberta-base;CLS+AVG-NS_AVGL4L;torch.Size([1536]);1,00;12,00;0,00;85,63;88,16;93,99;89,75;92,31;92,20;74,96;88,14
deberta-base;CLS+SUM-NS_AVGL4L;torch.Size([1536]);1,00;12,00;0,00;86,56;89,83;95,17;89,52;91,71;94,60;71,59;88,43
deberta-base;CLS+MAX-NS_AVGL4L;torch.Size([1536]);1,00;12,00;0,00;83,49;72,42;91,60;87,97;89,07;89,00;71,88;83,63
deberta-base;DY3_AVGL4L;torch.Size([2304]);1,00;12,00;0,00;86,80;87,52;94,88;89,54;92,09;88,80;68,75;86,91
deberta-base;DY3-NS_AVGL4L;torch.Size([2304]);1,00;12,00;0,00;86,56;88,79;95,08;68,77;91,54;91,20;67,25;84,17
deberta-base;DY5_AVGL4L;torch.Size([3840]);1,00;12,00;0,00;87,28;89,11;95,42;68,77;91,05;85,80;62,78;82,89
deberta-base;DY5-NS_AVGL4L;torch.Size([3840]);1,00;12,00;0,00;87,23;89,64;95,48;68,77;50,08;93,20;69,45;79,12
deberta-base;CLS_SUMALL;torch.Size([768]);1,00;12,00;0,00;73,23;63,76;75,32;73,01;86,55;44,40;66,49;68,97
deberta-base;AVG_SUMALL;torch.Size([768]);1,00;12,00;0,00;85,89;87,44;95,38;90,90;91,49;93,20;70,32;87,80
deberta-base;SUM_SUMALL;torch.Size([768]);1,00;12,00;0,00;81,19;85,06;93,38;88,38;90,44;91,00;63,77;84,75
deberta-base;MAX_SUMALL;torch.Size([768]);1,00;12,00;0,00;78,07;64,48;91,34;89,08;87,42;91,40;65,80;81,08
deberta-base;AVG-NS_SUMALL;torch.Size([768]);1,00;12,00;0,00;85,51;87,26;95,26;90,42;91,76;94,40;70,03;87,81
deberta-base;SUM-NS_SUMALL;torch.Size([768]);1,00;12,00;0,00;81,29;85,19;93,33;87,94;90,33;90,00;66,49;84,94
deberta-base;MAX-NS_SUMALL;torch.Size([768]);1,00;12,00;0,00;78,42;64,37;91,34;89,09;87,37;91,20;65,80;81,08
deberta-base;CLS+AVG_SUMALL;torch.Size([1536]);1,00;12,00;0,00;86,05;88,34;95,61;89,94;91,60;95,40;68,75;87,96
deberta-base;CLS+SUM_SUMALL;torch.Size([1536]);1,00;12,00;0,00;81,63;85,22;93,94;88,09;89,68;92,20;67,13;85,41
deberta-base;CLS+MAX_SUMALL;torch.Size([1536]);1,00;12,00;0,00;78,96;66,36;91,37;89,26;87,53;92,40;64,58;81,49
deberta-base;CLS+AVG-NS_SUMALL;torch.Size([1536]);1,00;12,00;0,00;85,83;88,79;95,54;90,58;91,60;95,60;68,29;88,03
deberta-base;CLS+SUM-NS_SUMALL;torch.Size([1536]);1,00;12,00;0,00;82,24;85,25;93,87;88,62;89,57;92,40;67,30;85,61
deberta-base;CLS+MAX-NS_SUMALL;torch.Size([1536]);1,00;12,00;0,00;78,40;66,36;91,45;89,40;88,03;92,60;64,58;81,55
deberta-base;DY3_SUMALL;torch.Size([2304]);1,00;12,00;0,00;85,74;88,77;95,44;89,66;89,84;80,00;64,99;84,92
deberta-base;DY3-NS_SUMALL;torch.Size([2304]);1,00;12,00;0,00;85,67;88,61;95,23;68,77;89,73;92,80;68,29;84,16
deberta-base;DY5_SUMALL;torch.Size([3840]);1,00;12,00;0,00;85,36;87,95;95,44;68,77;89,07;78,00;63,71;81,19
deberta-base;DY5-NS_SUMALL;torch.Size([3840]);1,00;12,00;0,00;84,43;87,42;95,01;68,77;50,08;92,00;68,17;77,98
deberta-base;CLS_AVGALL;torch.Size([768]);1,00;12,00;0,00;66,97;63,76;73,42;68,77;78,97;41,60;66,49;65,71
deberta-base;AVG_AVGALL;torch.Size([768]);1,00;12,00;0,00;83,88;83,87;93,50;90,44;90,88;92,20;73,91;86,95
deberta-base;SUM_AVGALL;torch.Size([768]);1,00;12,00;0,00;84,78;87,13;94,79;90,58;91,49;94,80;67,25;87,26
deberta-base;MAX_AVGALL;torch.Size([768]);1,00;12,00;0,00;79,63;67,23;91,44;89,01;87,75;82,80;72,70;81,51
deberta-base;AVG-NS_AVGALL;torch.Size([768]);1,00;12,00;0,00;84,22;84,32;93,42;90,74;90,99;91,60;75,13;87,20
deberta-base;SUM-NS_AVGALL;torch.Size([768]);1,00;12,00;0,00;85,09;86,86;94,94;90,82;91,54;94,60;68,41;87,47
deberta-base;MAX-NS_AVGALL;torch.Size([768]);1,00;12,00;0,00;79,61;67,26;91,27;89,66;87,81;82,80;72,70;81,59
deberta-base;CLS+AVG_AVGALL;torch.Size([1536]);1,00;12,00;0,00;84,21;84,77;93,65;89,77;90,99;91,20;75,01;87,09
deberta-base;CLS+SUM_AVGALL;torch.Size([1536]);1,00;12,00;0,00;85,77;87,89;95,68;89,99;90,72;95,60;68,99;87,81
deberta-base;CLS+MAX_AVGALL;torch.Size([1536]);1,00;12,00;0,00;79,44;70,81;91,63;88,98;88,08;88,20;73,10;82,89
deberta-base;CLS+AVG-NS_AVGALL;torch.Size([1536]);1,00;12,00;0,00;84,36;84,21;93,68;90,09;91,05;91,60;74,96;87,14
deberta-base;CLS+SUM-NS_AVGALL;torch.Size([1536]);1,00;12,00;0,00;85,50;86,70;95,69;90,61;90,88;95,60;72,46;88,21
deberta-base;CLS+MAX-NS_AVGALL;torch.Size([1536]);1,00;12,00;0,00;79,40;70,83;91,63;89,75;88,08;88,20;73,86;83,11
deberta-base;DY3_AVGALL;torch.Size([2304]);1,00;12,00;0,00;84,34;87,34;94,12;89,97;89,68;83,00;67,71;85,17
deberta-base;DY3-NS_AVGALL;torch.Size([2304]);1,00;12,00;0,00;83,89;86,78;93,88;68,77;90,33;91,00;66,96;83,09
deberta-base;DY5_AVGALL;torch.Size([3840]);1,00;12,00;0,00;84,53;87,10;95,20;68,77;90,28;87,60;65,45;82,70
deberta-base;DY5-NS_AVGALL;torch.Size([3840]);1,00;12,00;0,00;84,78;87,76;95,06;68,77;50,08;93,40;68,99;78,41
